name,datetime,tempmax,tempmin,temp,feelslikemax,feelslikemin,feelslike,dew,humidity,precip,precipprob,precipcover,preciptype,snow,snowdepth,windgust,windspeed,winddir,sealevelpressure,cloudcover,visibility,solarradiation,solarenergy,uvindex,severerisk,sunrise,sunset,moonphase,conditions,description,icon,stations
wekweti,2015-01-01,-27.9,-35.9,-31.3,-34.9,-48.8,-43.4,-34.9,71.2,0,0,0,,0,0,,29.5,288.6,1023.1,3.3,14,4.1,0.3,0,,2015-01-01T10:29:08,2015-01-01T14:51:47,0.38,Clear,Clear conditions throughout the day.,clear-day,71020599999
wekweti,2015-01-02,-22.9,-30.9,-26.8,-33.2,-42.4,-37.6,-30.4,71.4,0,0,0,,0,0,,22.3,318.9,1027.3,61,10.7,3.3,0.3,0,,2015-01-02T10:28:03,2015-01-02T14:53:50,0.41,Partially cloudy,Partly cloudy throughout the day.,partly-cloudy-day,71020599999
wekweti,2015-01-03,-20.9,-29.9,-25.2,-31.8,-39.7,-35.5,-28.4,75.1,0,0,0,,0,0,,20.5,272.6,1034.7,57,12.5,3.5,0.3,0,,2015-01-03T10:26:50,2015-01-03T14:55:59,0.45,Partially cloudy,Partly cloudy throughout the day.,partly-cloudy-day,71020599999
wekweti,2015-01-04,-18,-21.9,-19.4,-25.2,-30.7,-28,-22.3,77.1,0,0,0,,0,0,,20.5,308.3,1023.9,80.8,11.8,2.7,0.3,0,,2015-01-04T10:25:30,2015-01-04T14:58:15,0.5,Partially cloudy,Partly cloudy throughout the day.,partly-cloudy-day,71020599999
wekweti,2015-01-05,-23.9,-34.9,-30,-29.9,-45.4,-37.8,-33.5,71.8,0,0,0,,0,0,,20.5,316.7,1030.1,9.6,12.3,5,0.4,0,,2015-01-05T10:24:04,2015-01-05T15:00:36,0.52,Clear,Clear conditions throughout the day.,clear-day,71020599999
wekweti,2015-01-06,-20.9,-35.9,-27.2,-30.7,-45.8,-37.4,-30.3,74.7,0,0,0,,0,0,,20.5,258,1042.4,47.3,9.5,2.9,0.3,0,,2015-01-06T10:22:31,2015-01-06T15:03:03,0.55,Partially cloudy,Partly cloudy throughout the day.,partly-cloudy-day,71020599999
wekweti,2015-01-07,-18,-24.9,-22.1,-28.4,-38.1,-33.5,-24.8,78.7,0,0,0,,0,0,,29.5,289.8,1033.8,39.5,8.2,3.8,0.3,0,,2015-01-07T10:20:52,2015-01-07T15:05:36,0.58,Partially cloudy,Partly cloudy throughout the day.,partly-cloudy-day,71020599999
wekweti,2015-01-08,-22.9,-26.9,-25,-31.7,-41.3,-37.2,-27.9,76.3,0,0,0,,0,0,,35.3,295.6,1037.2,24.8,14,4.1,0.3,0,,2015-01-08T10:19:08,2015-01-08T15:08:13,0.62,Partially cloudy,Partly cloudy throughout the day.,partly-cloudy-day,71020599999
wekweti,2015-01-09,-19.9,-30.9,-24.1,-25.9,-41.2,-32.3,-27.2,75.7,0,0,0,,0,0,,24.1,295.6,1026.1,18.6,13.8,5.7,0.4,0,,2015-01-09T10:17:17,2015-01-09T15:10:55,0.65,Clear,Clear conditions throughout the day.,clear-day,71020599999
wekweti,2015-01-10,-23.9,-31.9,-29.1,-26.9,-43.1,-36.3,-32.3,73.8,0,0,0,,0,0,,16.6,253.7,1022.5,7.6,13.7,6.2,0.6,1,,2015-01-10T10:15:22,2015-01-10T15:13:40,0.68,Clear,Clear conditions throughout the day.,clear-day,71020599999
wekweti,2015-01-11,-19.9,-31.9,-24.3,-25.9,-39.9,-31.4,-27.1,77.4,0.7,100,4.17,snow,0,0,,22.3,248.9,1022.2,65.7,13,2.9,0.3,0,,2015-01-11T10:13:21,2015-01-11T15:16:30,0.71,"Snow, Partially cloudy",Partly cloudy throughout the day with afternoon snow.,snow,71020599999
wekweti,2015-01-12,-24.9,-34,-29.7,-24.9,-42.3,-32.4,-33.2,71.6,0,0,0,,0,0,,9.4,312.2,1023.3,42.8,14,4.3,0.3,0,,2015-01-12T10:11:16,2015-01-12T15:19:24,0.75,Partially cloudy,Partly cloudy throughout the day.,partly-cloudy-day,71020599999
wekweti,2015-01-13,-26.9,-35.9,-32.4,-28.9,-47.8,-38.7,-36.3,68.3,0,0,0,,0,0,,14.8,52.5,1023.4,24,12.7,7.3,0.6,1,,2015-01-13T10:09:06,2015-01-13T15:22:20,0.75,Partially cloudy,Partly cloudy throughout the day.,partly-cloudy-day,71020599999
wekweti,2015-01-14,-22.9,-34,-27.3,-22.9,-42.5,-34.4,-30.5,74.4,0,0,0,,0,0,,18.4,325.6,1019.4,40.9,11.1,6.3,0.6,0,,2015-01-14T10:06:51,2015-01-14T15:25:20,0.81,Partially cloudy,Partly cloudy throughout the day.,partly-cloudy-day,71020599999
wekweti,2015-01-15,-25.9,-42.9,-35.2,-35.9,-52.7,-43.3,-39.4,65.6,0,0,0,,0,0,,18.4,86.5,1021.4,13.6,13.8,7.7,0.8,1,,2015-01-15T10:04:33,2015-01-15T15:28:23,0.84,Clear,Clear conditions throughout the day.,clear-day,71020599999
wekweti,2015-01-16,-21.9,-25.9,-23.2,-33,-38.1,-35.2,-26,78.2,10.3,100,50,snow,0,0,,29.5,84,998.2,86.2,6.5,4.5,0.3,0,,2015-01-16T10:02:11,2015-01-16T15:31:28,0.88,"Snow, Partially cloudy",Partly cloudy throughout the day with a chance of snow throughout the day.,snow,71020599999
wekweti,2015-01-17,-22.9,-27.9,-25.2,-32,-40.6,-36.4,-28.4,74.5,0,0,0,,0,0,,24.1,99.8,1007.6,66.6,13.4,6.2,0.6,0,,2015-01-17T09:59:44,2015-01-17T15:34:35,0.91,Partially cloudy,Partly cloudy throughout the day.,partly-cloudy-day,71020599999
wekweti,2015-01-18,-20.9,-24.9,-22,-28,-34.4,-30.5,-24.9,77.5,0,0,0,,0,0,,16.6,78,1004,90.6,13.5,8.3,0.8,1,,2015-01-18T09:57:15,2015-01-18T15:37:45,0.94,Overcast,Cloudy skies throughout the day.,cloudy,71020599999
wekweti,2015-01-19,-19,-24.9,-22.4,-22.9,-35.1,-29.3,-25.3,76.9,0.5,100,4.17,snow,0,0,,14.8,72.4,1015.7,58.3,11.4,10.7,0.9,1,,2015-01-19T09:54:42,2015-01-19T15:40:56,0.98,"Snow, Partially cloudy",Partly cloudy throughout the day with afternoon snow.,snow,71020599999
wekweti,2015-01-20,-19.9,-34,-27.1,-21.9,-46.1,-35.1,-30.2,74.7,0,0,0,,0,0,,16.6,33.9,1025.8,12.3,13.8,12.3,1,1,,2015-01-20T09:52:06,2015-01-20T15:44:09,0,Clear,Clear conditions throughout the day.,clear-day,71020599999
wekweti,2015-01-21,-15.9,-31.9,-21,-16.9,-45,-30.3,-23.7,79.1,0.5,100,4.17,snow,0,0,,31.7,109.3,1003.7,72.4,11.1,2.6,0.2,0,,2015-01-21T09:49:27,2015-01-21T15:47:24,0.04,"Snow, Partially cloudy",Partly cloudy throughout the day with afternoon snow.,snow,71020599999
wekweti,2015-01-22,-18,-30.9,-23.8,-25.9,-40.9,-31.6,-27.1,73.7,0,0,0,,0,0,,20.5,332.1,1003.8,50.8,14,9.3,0.8,1,,2015-01-22T09:46:45,2015-01-22T15:50:40,0.08,Partially cloudy,Partly cloudy throughout the day.,partly-cloudy-day,71020599999
wekweti,2015-01-23,-25.9,-33,-28.8,-38.1,-44.9,-40.6,-32.5,70.3,0,0,0,,0,0,,24.1,81.4,1016.9,58.2,14,10.4,0.9,1,,2015-01-23T09:44:00,2015-01-23T15:53:57,0.11,Partially cloudy,Partly cloudy throughout the day.,partly-cloudy-day,71020599999
wekweti,2015-01-24,-19.9,-24.9,-22.4,-19.9,-37.3,-27.7,-25.2,77.5,0,0,0,,0,0,,22.3,93.2,1010.8,71,13.1,8.7,0.8,1,,2015-01-24T09:41:13,2015-01-24T15:57:15,0.15,Partially cloudy,Partly cloudy throughout the day.,partly-cloudy-day,71020599999
wekweti,2015-01-25,-18,-20.9,-19.1,-18,-27.6,-23.3,-21.4,81.8,0,0,0,,0,0,,13,64.1,1006.4,90.7,11.5,10.2,0.8,1,,2015-01-25T09:38:24,2015-01-25T16:00:34,0.18,Overcast,Cloudy skies throughout the day.,cloudy,71020599999
wekweti,2015-01-26,-18,-30.9,-22.6,-18,-42.5,-32.6,-25.9,74.8,0,0,0,,0,0,,27.7,304.4,1009.9,48.7,11.7,10.9,0.9,1,,2015-01-26T09:35:32,2015-01-26T16:03:53,0.25,Partially cloudy,Partly cloudy throughout the day.,partly-cloudy-day,71020599999
wekweti,2015-01-27,-31.9,-42.9,-36.6,-35.9,-54.2,-45.3,-40.8,64.7,0,0,0,,0,0,,16.6,255.2,1025.5,3.3,13.3,15.9,1.4,1,,2015-01-27T09:32:38,2015-01-27T16:07:13,0.25,Clear,Clear conditions throughout the day.,clear-day,71020599999
wekweti,2015-01-28,-31.9,-43.9,-37.4,-42.9,-56.5,-49.4,-41.8,63.3,0,0,0,,0,0,,20.5,262.4,1031.3,0,12.9,18.1,1.5,1,,2015-01-28T09:29:42,2015-01-28T16:10:34,0.29,Clear,Clear conditions throughout the day.,clear-day,71020599999
wekweti,2015-01-29,-27.9,-31.9,-30,-38.8,-45,-41.9,-33.8,70.4,0,0,0,,0,0,,22.3,269.3,1029.3,9.8,13.4,17.3,1.5,1,,2015-01-29T09:26:44,2015-01-29T16:13:55,0.32,Clear,Clear conditions throughout the day.,clear-day,71020599999
wekweti,2015-01-30,-30.9,-38.9,-35.5,-33,-48.2,-43.5,-39.7,65.3,0,0,0,,0,0,,14.8,289.4,1040.4,0,13.8,23,1.9,1,,2015-01-30T09:23:44,2015-01-30T16:17:16,0.36,Clear,Clear conditions throughout the day.,clear-day,71020599999
wekweti,2015-01-31,-25.9,-41.9,-33.5,-34,-53,-41.9,-37.4,67.4,0,0,0,,0,0,,16.6,248.8,1034.7,53.8,13.8,16.1,1.4,1,,2015-01-31T09:20:42,2015-01-31T16:20:37,0.39,Partially cloudy,Partly cloudy throughout the day.,partly-cloudy-day,71020599999
wekweti,2015-02-01,-19.9,-27.9,-24.2,-28.3,-39.4,-34.1,-27.1,76.8,0,0,0,,0,0,,18.4,284.8,1023.4,59.7,11,9.8,0.8,1,,2015-02-01T09:17:39,2015-02-01T16:23:58,0.42,Partially cloudy,Partly cloudy throughout the day.,partly-cloudy-day,71020599999
wekweti,2015-02-02,-28.9,-40.9,-33.5,-36.4,-47.8,-41.9,-37.4,67.5,0,0,0,,0,0,,16.6,312,1022.2,19.3,13,17.8,1.5,1,,2015-02-02T09:14:34,2015-02-02T16:27:19,0.46,Clear,Clear conditions throughout the day.,clear-day,71020599999
wekweti,2015-02-03,-30.9,-44.9,-38.4,-34.9,-51.9,-42.1,-42.9,62.7,0,0,0,,0,0,,9.4,199.4,1024.1,23.4,11.8,22.4,2,1,,2015-02-03T09:11:27,2015-02-03T16:30:40,0.5,Partially cloudy,Partly cloudy throughout the day.,partly-cloudy-day,71020599999
wekweti,2015-02-04,-22.9,-34.9,-28.9,-30.9,-41.6,-38.1,-32.4,71.4,0,0,0,,0,0,,27.7,291.5,1014.5,56.9,11.8,13.2,1.1,1,,2015-02-04T09:08:20,2015-02-04T16:34:01,0.53,Partially cloudy,Partly cloudy throughout the day.,partly-cloudy-day,71020599999
wekweti,2015-02-05,-28.9,-36.9,-33.2,-38.7,-49.3,-46.4,-37.2,67,0,0,0,,0,0,,33.5,294.9,1022.3,9.8,13.1,29.1,2.6,2,,2015-02-05T09:05:10,2015-02-05T16:37:21,0.56,Clear,Clear conditions throughout the day.,clear-day,71020599999
wekweti,2015-02-06,-36.9,-43.9,-40,-40.9,-54,-49.2,-44.7,60.7,0,0,0,,0,0,,14.8,52.2,1028.5,10.8,13.3,29,2.4,2,,2015-02-06T09:02:00,2015-02-06T16:40:41,0.59,Clear,Clear conditions throughout the day.,clear-day,71020599999
wekweti,2015-02-07,-27.9,-36.9,-30.7,-27.9,-50.6,-41.5,-34.7,68.2,0,0,0,,0,0,,24.1,83.6,1017.8,96,8.9,14,1.3,1,,2015-02-07T08:58:48,2015-02-07T16:44:01,0.63,Overcast,Cloudy skies throughout the day.,cloudy,71020599999
wekweti,2015-02-08,-30.9,-38.9,-34.5,-30.9,-51.1,-45.6,-38.5,66.5,0,0,0,,0,0,,22.3,281.9,1023.3,23,12.9,34.6,3,2,,2015-02-08T08:55:35,2015-02-08T16:47:21,0.66,Partially cloudy,Partly cloudy throughout the day.,partly-cloudy-day,71020599999
wekweti,2015-02-09,-35.9,-42.9,-39.2,-35.9,-54.2,-45.3,-43.9,60.9,0,0,0,,0,0,,9.4,269.9,1032.6,19.1,11.2,31,2.8,2,,2015-02-09T08:52:21,2015-02-09T16:50:39,0.69,Clear,Clear conditions throughout the day.,clear-day,71020599999
wekweti,2015-02-10,-34.9,-40.9,-37.7,-36.9,-50.5,-44.5,-42.2,62.7,0,0,0,,0,0,,11.2,265.2,1039,27.3,12.2,38.7,3.4,2,,2015-02-10T08:49:05,2015-02-10T16:53:58,0.73,Partially cloudy,Partly cloudy throughout the day.,partly-cloudy-day,71020599999
wekweti,2015-02-11,-27.9,-42.9,-35.2,-36.3,-51.6,-42,-39.6,64,0,0,0,,0,0,,16.6,103.2,1035.1,36.3,13,23.5,2.1,1,,2015-02-11T08:45:49,2015-02-11T16:57:16,0.75,Partially cloudy,Partly cloudy throughout the day.,partly-cloudy-day,71020599999
wekweti,2015-02-12,-27.9,-38.9,-33.1,-34.9,-52.3,-43.1,-37.2,67,0,0,0,,0,0,,16.6,64.2,1028.9,24.4,14,40,3.4,2,,2015-02-12T08:42:32,2015-02-12T17:00:33,0.79,Partially cloudy,Partly cloudy throughout the day.,partly-cloudy-day,71020599999
wekweti,2015-02-13,-24.9,-39.9,-34.2,-38.7,-53.8,-46.7,-38.7,63.1,0,0,0,,0,0,,33.5,100.9,1039.7,31.8,13.8,40.1,3.4,2,,2015-02-13T08:39:13,2015-02-13T17:03:49,0.83,Partially cloudy,Becoming cloudy in the afternoon.,partly-cloudy-day,71020599999
wekweti,2015-02-14,-20.9,-24.9,-22.5,-21.9,-37.7,-31.1,-26.5,70.3,1.6,100,12.5,snow,0,0,,25.9,165.7,1020,74.2,10.6,29,2.4,1,,2015-02-14T08:35:54,2015-02-14T17:07:06,0.86,"Snow, Partially cloudy",Partly cloudy throughout the day with morning snow.,snow,71020599999
wekweti,2015-02-15,-23.9,-33,-26.9,-29.9,-42.3,-35.3,-31,68.4,0,0,0,,0,0,,16.6,306.6,1031.5,18.7,14,48.2,4,2,,2015-02-15T08:32:34,2015-02-15T17:10:21,0.89,Clear,Clear conditions throughout the day.,clear-day,71020599999
wekweti,2015-02-16,-20.9,-35.9,-27.9,-25.9,-46.2,-36.7,-31.4,71.7,0,0,0,,0,0,,25.9,292.1,1038.9,6.1,13,40.7,3.5,2,,2015-02-16T08:29:14,2015-02-16T17:13:36,0.93,Clear,Clear conditions throughout the day.,clear-day,71020599999
wekweti,2015-02-17,-24.9,-37.9,-31.2,-32.5,-48.2,-38.7,-34.9,70,0,0,0,,0,0,,16.6,56.3,1032.8,12.3,14,46.3,4,2,,2015-02-17T08:25:52,2015-02-17T17:16:50,0.96,Clear,Clear conditions throughout the day.,clear-day,71020599999
wekweti,2015-02-18,-16.9,-29.9,-22.9,-23.6,-41.2,-31.5,-25.7,77.3,0,0,0,,0,0,,16.6,132.3,1021.9,75.4,12.3,33.5,2.8,2,,2015-02-18T08:22:30,2015-02-18T17:20:03,0,Partially cloudy,Partly cloudy throughout the day.,partly-cloudy-day,71020599999
wekweti,2015-02-19,-16.9,-31.9,-22.5,-18,-42.9,-30.6,-25.7,74.9,0,0,0,,0,0,,22.3,54.7,1019.6,35.3,13,44.6,3.8,2,,2015-02-19T08:19:07,2015-02-19T17:23:16,0.03,Partially cloudy,Clearing in the afternoon.,partly-cloudy-day,71020599999
wekweti,2015-02-20,-25.9,-40.9,-33.7,-26.9,-47.3,-37.7,-37.8,66.9,0,0,0,,0,0,,13,55.6,1035.9,0,13.4,60.6,5.4,3,,2015-02-20T08:15:43,2015-02-20T17:26:28,0.06,Clear,Clear conditions throughout the day.,clear-day,71020599999
wekweti,2015-02-21,-21.9,-39.9,-30.1,-23.9,-51.7,-35.9,-34.2,67.2,0,0,0,,0,0,,14.8,166.2,1037.1,19.8,13.6,40.9,3.5,2,,2015-02-21T08:12:19,2015-02-21T17:29:39,0.09,Clear,Clear conditions throughout the day.,clear-day,71020599999
wekweti,2015-02-22,-12.9,-23.9,-18.2,-16.9,-30.6,-25.4,-20.4,82.5,0,0,0,,0,0,,20.5,245.3,1016.9,74.9,8.9,21.7,1.9,1,,2015-02-22T08:08:54,2015-02-22T17:32:50,0.13,Partially cloudy,Partly cloudy throughout the day.,partly-cloudy-day,71020599999
wekweti,2015-02-23,-12.9,-28.9,-20.2,-22,-38.5,-29,-23.2,76.8,0,0,0,,0,0,,22.3,7.8,1026,20.5,13.8,67.1,5.7,3,,2015-02-23T08:05:28,2015-02-23T17:36:00,0.16,Partially cloudy,Partly cloudy throughout the day.,partly-cloudy-day,71020599999
wekweti,2015-02-24,-22.9,-34.9,-28.3,-22.9,-43.4,-34.1,-32.2,69.8,0,0,0,,0,0,,18.4,54.3,1036.8,14.5,14,70.3,6.1,3,,2015-02-24T08:02:02,2015-02-24T17:39:09,0.2,Clear,Clear conditions throughout the day.,clear-day,71020599999
wekweti,2015-02-25,-19,-37.9,-28.7,-23.9,-47,-33.8,-33,66.2,0,0,0,,0,0,,16.6,245.6,1039.5,3.3,14,70.7,6,3,,2015-02-25T07:58:36,2015-02-25T17:42:18,0.25,Clear,Clear conditions throughout the day.,clear-day,71020599999
wekweti,2015-02-26,-12.9,-22.9,-18.6,-21.7,-32.6,-27.2,-21.5,78.6,0,0,0,,0,0,,22.3,282.5,1028.3,26.8,13.7,62.8,5.2,3,,2015-02-26T07:55:09,2015-02-26T17:45:26,0.26,Partially cloudy,Partly cloudy throughout the day.,partly-cloudy-day,71020599999
wekweti,2015-02-27,-6.9,-19.9,-11.9,-13.3,-24.5,-19.6,-13.7,86,0,0,0,,0,0,,29.5,268.1,1016.2,84.8,10.5,42.1,3.7,2,,2015-02-27T07:51:41,2015-02-27T17:48:33,0.3,Partially cloudy,Partly cloudy throughout the day.,partly-cloudy-day,71020599999
wekweti,2015-02-28,-13.9,-28.9,-21.3,-19,-34.1,-27.3,-25.1,71.1,0,0,0,,0,0,,18.4,320.8,1022.7,2.7,13.8,75.3,6.4,3,,2015-02-28T07:48:13,2015-02-28T17:51:40,0.33,Clear,Clear conditions throughout the day.,clear-day,71020599999
wekweti,2015-03-01,-9.9,-30.9,-18.8,-18.2,-40.5,-26.7,-22,76.1,0,0,0,,0,0,,44.6,303.9,1015.3,81.4,8.3,22.6,2,1,,2015-03-01T07:44:44,2015-03-01T17:54:46,0.37,Partially cloudy,Partly cloudy throughout the day.,partly-cloudy-day,71020599999
wekweti,2015-03-02,-20.9,-28.9,-25.4,-36,-41,-38.2,-30,65.4,0,0,0,,0,0,,44.6,313.8,1028,31.3,11,66.4,5.7,3,,2015-03-02T07:41:16,2015-03-02T17:57:52,0.4,Partially cloudy,Becoming cloudy in the afternoon.,partly-cloudy-day,71020599999
wekweti,2015-03-03,-23.9,-34.9,-29.3,-24.9,-43.4,-34.5,-33.1,69.8,0,0,0,,0,0,,14.8,263.7,1030.6,3.3,14,81.4,7,3,,2015-03-03T07:37:46,2015-03-03T18:00:57,0.43,Clear,Clear conditions throughout the day.,clear-day,71020599999
wekweti,2015-03-04,-16.9,-34.9,-24.5,-24,-38.8,-31.4,-28.3,71.5,0,0,0,,0,0,,25.9,203.4,1015.7,59.4,12.7,72.8,6.3,3,,2015-03-04T07:34:17,2015-03-04T18:04:01,0.47,Partially cloudy,Partly cloudy throughout the day.,partly-cloudy-day,"71020599999,remote"
wekweti,2015-03-05,-10.9,-22.9,-15.1,-16.8,-32.6,-22.8,-17.2,83.5,0,0,0,,0,0,,22.3,271.7,1008.4,76,13,40.6,3.5,2,,2015-03-05T07:30:47,2015-03-05T18:07:05,0.5,Partially cloudy,Partly cloudy throughout the day.,partly-cloudy-day,71020599999
wekweti,2015-03-06,-12.9,-27.9,-22.9,-20.3,-35.3,-27.9,-26.9,70.2,0,0,0,,0,0,,20.5,345.8,1018.1,28.1,14,87.8,7.7,4,,2015-03-06T07:27:16,2015-03-06T18:10:09,0.54,Partially cloudy,Partly cloudy throughout the day.,partly-cloudy-day,71020599999
wekweti,2015-03-07,-15.9,-22.9,-18.2,-18,-28,-24.7,-21.4,76.2,0.7,100,4.17,snow,0,0,,20.5,297.9,1014,59.7,11,64.7,5.7,2,,2015-03-07T07:23:46,2015-03-07T18:13:12,0.57,"Snow, Partially cloudy",Partly cloudy throughout the day with early morning snow.,snow,71020599999
wekweti,2015-03-08,-8.9,-19.9,-14.1,-11.9,-26.8,-19.1,-16.3,83.1,0,0,0,,0,0,,13,185.1,1004.6,78.1,13,39.6,3.2,2,,2015-03-08T08:20:15,2015-03-08T19:16:14,0.6,Partially cloudy,Partly cloudy throughout the day.,partly-cloudy-day,71020599999
wekweti,2015-03-09,-11.9,-23.9,-15.6,-15.4,-33.2,-22.3,-18.1,81.5,0,0,0,,0,0,,16.6,356.9,1009.4,70.8,13.7,72.5,6.3,2,,2015-03-09T08:16:43,2015-03-09T19:19:16,0.64,Partially cloudy,Partly cloudy throughout the day.,partly-cloudy-day,71020599999
wekweti,2015-03-10,-22.9,-34.9,-27.9,-28.9,-43.4,-34,-31.7,70.7,0,0,0,,0,0,,13,276.8,1024.4,0,13.9,84.4,7.3,3,,2015-03-10T08:13:12,2015-03-10T19:22:18,0.67,Clear,Clear conditions throughout the day.,clear-day,71020599999
wekweti,2015-03-11,-23.9,-35.9,-29.3,-24.9,-46.9,-35.9,-33.3,68.4,0,0,0,,0,0,,13,260.3,1030.8,0,14,98.6,8.6,4,,2015-03-11T08:09:40,2015-03-11T19:25:19,0.7,Clear,Clear conditions throughout the day.,clear-day,71020599999
wekweti,2015-03-12,-19.9,-37.9,-27.5,-27.6,-45.8,-37.6,-31.2,70.9,0.5,100,4.17,snow,0,0,,27.7,72.3,1025.7,74.8,10.9,51.5,4.3,2,,2015-03-12T08:06:08,2015-03-12T19:28:20,0.74,"Snow, Partially cloudy",Partly cloudy throughout the day with late afternoon snow.,snow,71020599999
wekweti,2015-03-13,-7.9,-19,-14.3,-13.2,-26.4,-20.8,-16.6,82.5,0,0,0,,0,0,,16.6,122.5,1008.3,85.7,13.1,64.1,5.5,3,,2015-03-13T08:02:36,2015-03-13T19:31:20,0.75,Partially cloudy,Partly cloudy throughout the day.,partly-cloudy-day,71020599999
wekweti,2015-03-14,-6.9,-24.9,-15.2,-6.9,-36.2,-23.8,-18.8,74.2,0,0,0,,0,0,,31.7,339,995.7,75.4,14,65,5.6,3,,2015-03-14T07:59:03,2015-03-14T19:34:20,0.81,Partially cloudy,Partly cloudy throughout the day.,partly-cloudy-day,71020599999
wekweti,2015-03-15,-23.9,-34,-27.6,-36,-45.4,-39.9,-31.9,67.6,0,0,0,,0,0,,33.5,286.9,1013.7,33.3,13.6,110.2,9.5,4,,2015-03-15T07:55:31,2015-03-15T19:37:20,0.84,Partially cloudy,Becoming cloudy in the afternoon.,partly-cloudy-day,"71020599999,remote"
wekweti,2015-03-16,-20.9,-32.2,-26.8,-23.9,-46.2,-37,-31,68.3,0,0,0,,0,0,,24.1,273.2,1029.7,3.1,14,124.2,10.8,4,,2015-03-16T07:51:58,2015-03-16T19:40:20,0.88,Clear,Clear conditions throughout the day.,clear-day,"71020599999,remote"
wekweti,2015-03-17,-18,-38.9,-28.2,-23.6,-43.9,-32.6,-33.2,62.6,0,0,0,,0,0,,13,65.8,1033.1,11.5,14,131.6,11.4,5,,2015-03-17T07:48:25,2015-03-17T19:43:19,0.91,Clear,Clear conditions throughout the day.,clear-day,71020599999
wekweti,2015-03-18,-15.9,-34.9,-26.2,-15.9,-40.5,-29.3,-31.4,62.7,0,0,0,,0,0,,13,23.2,1029.5,14.9,14,132.4,11.4,5,,2015-03-18T07:44:52,2015-03-18T19:46:18,0.94,Clear,Clear conditions throughout the day.,clear-day,71020599999
wekweti,2015-03-19,-20.9,-34.9,-26.6,-24.9,-44.1,-33.1,-30.8,68.3,0,0,0,,0,0,,14.4,73,1030.2,14.4,14,125.6,10.7,4,,2015-03-19T07:41:18,2015-03-19T19:49:17,0.98,Clear,Clear conditions throughout the day.,clear-day,"71020599999,remote"
wekweti,2015-03-20,-16.9,-34,-25.3,-20.9,-37.8,-28.6,-30.8,61.9,0,0,0,,0,0,,11.2,85.1,1034.4,5.7,14,140.4,12.3,5,,2015-03-20T07:37:45,2015-03-20T19:52:16,0,Clear,Clear conditions throughout the day.,clear-day,"71020599999,remote"
wekweti,2015-03-21,-13.9,-33,-22.8,-13.9,-39.9,-25.8,-29.4,56.9,0,0,0,,0,0,,13,79.4,1033.4,0,14,140.4,12.2,5,,2015-03-21T07:34:11,2015-03-21T19:55:15,0.04,Clear,Clear conditions throughout the day.,clear-day,71020599999
wekweti,2015-03-22,-11.9,-26.9,-19.9,-18,-35.1,-27.6,-25.1,64.3,0,0,0,,0,0,,18.4,62.2,1029.5,5.4,14,123.5,10.5,4,,2015-03-22T07:30:38,2015-03-22T19:58:14,0.08,Clear,Clear conditions throughout the day.,clear-day,71020599999
wekweti,2015-03-23,-16.9,-24.9,-21.3,-25.7,-37.3,-31.8,-26.1,65.5,0,0,0,,0,0,,24.1,61.1,1024.8,6.5,14,130.1,11.3,5,,2015-03-23T07:27:04,2015-03-23T20:01:13,0.11,Clear,Clear conditions throughout the day.,clear-day,71020599999
wekweti,2015-03-24,-16.9,-24.9,-21.4,-24.6,-36.8,-30.7,-25.4,70.8,0,0,0,,0,0,,20.5,60.7,1024.9,40.6,14,130.3,11.2,4,,2015-03-24T07:23:30,2015-03-24T20:04:11,0.14,Partially cloudy,Partly cloudy throughout the day.,partly-cloudy-day,71020599999
wekweti,2015-03-25,-9.9,-25.9,-18.7,-14.2,-34.8,-25.4,-23.9,65.2,0,0,0,,0,0,,13,77.5,1026.2,7.3,14,126.1,10.8,5,,2015-03-25T07:19:56,2015-03-25T20:07:10,0.18,Clear,Clear conditions throughout the day.,clear-day,71020599999
wekweti,2015-03-26,-3.9,-19.9,-11.4,-8.3,-28.9,-16.6,-14.7,76.7,0,0,0,,0,0,,14.8,113.5,1017.3,33.3,14,118.5,10.1,4,,2015-03-26T07:16:22,2015-03-26T20:10:08,0.21,Partially cloudy,Partly cloudy throughout the day.,partly-cloudy-day,71020599999
wekweti,2015-03-27,-0.9,-11.9,-6.5,-4.9,-17.3,-10.2,-9.1,82.3,0,0,0,,0,0,,18.4,218.5,1002.8,29.8,14,91.6,8,3,,2015-03-27T07:12:48,2015-03-27T20:13:07,0.25,Partially cloudy,Partly cloudy throughout the day.,partly-cloudy-day,71020599999
wekweti,2015-03-28,-6.9,-19,-11.7,-7.9,-25.6,-16.5,-13.7,85.1,0,0,0,,0,0,,20.5,340.9,1004.5,26.7,11.3,148.2,12.7,5,,2015-03-28T07:09:14,2015-03-28T20:16:06,0.28,Partially cloudy,Partly cloudy throughout the day.,partly-cloudy-day,71020599999
wekweti,2015-03-29,-9.9,-23.9,-16.7,-15.6,-31.2,-22.5,-19.9,76.8,0,0,0,,0,0,,16.6,101.6,1013.5,46.2,13.6,144.5,12.5,5,,2015-03-29T07:05:40,2015-03-29T20:19:05,0.31,Partially cloudy,Partly cloudy throughout the day.,partly-cloudy-day,71020599999
wekweti,2015-03-30,-7.9,-19.9,-12.5,-8.9,-28.3,-18.6,-15.2,80.3,1,100,8.33,snow,0,0,,18.4,65.5,1011.3,61.3,9.6,72.2,6.2,3,,2015-03-30T07:02:06,2015-03-30T20:22:04,0.34,"Snow, Partially cloudy",Partly cloudy throughout the day with snow in the morning and afternoon.,snow,71020599999
wekweti,2015-03-31,-19.9,-26.9,-23.4,-28.3,-40.3,-33.8,-27.6,68.7,0,0,0,,0,0,,24.1,61.9,1019.7,0,14,153.7,13.5,5,,2015-03-31T06:58:32,2015-03-31T20:25:03,0.38,Clear,Clear conditions throughout the day.,clear-day,71020599999
wekweti,2015-04-01,-18,-31.9,-25.4,-24.5,-42.9,-34.1,-29.6,68.6,0,0,0,,0,0,,18.4,66.5,1025.7,2,14,178.9,15.5,5,,2015-04-01T06:54:58,2015-04-01T20:28:03,0.41,Clear,Clear conditions throughout the day.,clear-day,71020599999
wekweti,2015-04-02,-19,-33,-26.2,-23.4,-44.9,-33.9,-31.2,64,0,0,0,,0,0,,14.8,68.4,1032.4,0,14,182.1,15.7,6,,2015-04-02T06:51:24,2015-04-02T20:31:02,0.44,Clear,Clear conditions throughout the day.,clear-day,71020599999
wekweti,2015-04-03,-14.9,-36.9,-25.5,-14.9,-47,-28.8,-31.3,59.5,0,0,0,,0,0,,13,29.3,1031.6,0,14,171.6,14.9,5,,2015-04-03T06:47:50,2015-04-03T20:34:02,0.48,Clear,Clear conditions throughout the day.,clear-day,71020599999
wekweti,2015-04-04,-21.9,-35.9,-27.1,-22.9,-42.8,-31,-31.9,64.4,0,0,0,,0,0,,11.2,25.3,1032.6,0,14,190.7,16.3,6,,2015-04-04T06:44:16,2015-04-04T20:37:02,0.5,Clear,Clear conditions throughout the day.,clear-day,71020599999
wekweti,2015-04-05,-13.9,-34,-23.5,-15.9,-43.5,-29.1,-28.9,62.2,0,0,0,,0,0,,11.2,257.6,1029,1.3,14,188.3,16.2,6,,2015-04-05T06:40:42,2015-04-05T20:40:03,0.54,Clear,Clear conditions throughout the day.,clear-day,71020599999
wekweti,2015-04-06,-7.9,-28.9,-17.2,-14.1,-38.5,-24.3,-23.1,61.5,0,0,0,,0,0,,20.5,100.4,1018.9,39.6,14,123.8,10.6,4,,2015-04-06T06:37:08,2015-04-06T20:43:04,0.58,Partially cloudy,Partly cloudy throughout the day.,partly-cloudy-day,71020599999
wekweti,2015-04-07,-5.9,-14.9,-9.7,-6.9,-22.8,-15.2,-12.8,78.9,0,0,0,,0,0,,18.4,44.3,1008.6,56.4,12.3,128.7,11,4,,2015-04-07T06:33:34,2015-04-07T20:46:05,0.61,Partially cloudy,Partly cloudy throughout the day.,partly-cloudy-day,71020599999
wekweti,2015-04-08,-6.9,-24.9,-14,-13.7,-31.7,-19.6,-17.9,73.1,0,0,0,,0,0,,22.3,107,1013,13.3,14,161.7,13.9,5,,2015-04-08T06:30:00,2015-04-08T20:49:06,0.65,Clear,Clear conditions throughout the day.,clear-day,"71020599999,remote"
wekweti,2015-04-09,4.1,-8.9,-2.7,2.1,-14.9,-6.3,-8.5,65,0,0,0,,0,0,,22.3,203,1001.9,29.4,14,155.8,13.3,5,,2015-04-09T06:26:26,2015-04-09T20:52:08,0.68,Partially cloudy,Clearing in the afternoon.,partly-cloudy-day,71020599999
wekweti,2015-04-10,7.1,-4.9,0.3,5.3,-10.4,-3.3,-4.8,69.6,0,0,0,,0,0,,18.4,82.8,996.8,32.3,14,162.5,14,5,,2015-04-10T06:22:53,2015-04-10T20:55:11,0.72,Partially cloudy,Clearing in the afternoon.,partly-cloudy-day,71020599999
wekweti,2015-04-11,2.1,-7.9,-2.7,-0.7,-14.1,-7.6,-6.5,76,0,0,0,,0,0,,27.7,58.9,987.4,33.3,14,140.5,12.1,4,,2015-04-11T06:19:19,2015-04-11T20:58:14,0.75,Partially cloudy,Becoming cloudy in the afternoon.,partly-cloudy-day,71020599999
wekweti,2015-04-12,-5.9,-12.9,-10.2,-13.7,-22.7,-19.1,-13.5,77,0,0,0,,0,0,,29.5,60.9,992.1,45.5,14,141.7,12.1,4,,2015-04-12T06:15:46,2015-04-12T21:01:17,0.79,Partially cloudy,Becoming cloudy in the afternoon.,partly-cloudy-day,71020599999
wekweti,2015-04-13,-12.9,-16.9,-14.9,-20.3,-27.1,-23.1,-18.9,72.3,0,0,0,,0,0,,22.3,66.6,1010.6,66.7,14,127.9,10.9,4,,2015-04-13T06:12:13,2015-04-13T21:04:21,0.82,Partially cloudy,Partly cloudy throughout the day.,partly-cloudy-day,71020599999
wekweti,2015-04-14,-5.9,-21.9,-13.7,-11.2,-28.8,-20.1,-18.3,69.5,0,0,0,,0,0,,20.5,81.3,1016.5,24.7,14,157.4,13.5,5,,2015-04-14T06:08:40,2015-04-14T21:07:25,0.86,Partially cloudy,Partly cloudy throughout the day.,partly-cloudy-day,71020599999
wekweti,2015-04-15,-1.9,-10.9,-6.3,-6.4,-19.1,-11.5,-9.8,76.7,0,0,0,,0,0,,20.5,322.8,1009,60.6,13.5,148.9,12.8,5,,2015-04-15T06:05:07,2015-04-15T21:10:30,0.89,Partially cloudy,Partly cloudy throughout the day.,partly-cloudy-day,71020599999
wekweti,2015-04-16,-0.9,-11.9,-6.1,-4.3,-16.5,-9.6,-8.6,83,0,0,0,,0,0,,14.8,56.2,1011.5,23.7,11.7,176.7,15.2,5,,2015-04-16T06:01:34,2015-04-16T21:13:35,0.93,Partially cloudy,Partly cloudy throughout the day.,partly-cloudy-day,71020599999
wekweti,2015-04-17,0.1,-14.9,-7.8,-3.1,-23.2,-13.6,-12.3,71.5,0,0,0,,0,0,,16.6,61.8,1018.4,28.6,14,221.5,19.2,6,,2015-04-17T05:58:02,2015-04-17T21:16:41,0.96,Partially cloudy,Partly cloudy throughout the day.,partly-cloudy-day,71020599999
wekweti,2015-04-18,6.1,-14.9,-4,3.1,-20.1,-7.4,-10,65,0,0,0,,0,0,,18.4,218.5,1024.2,6.4,14,229.2,19.8,7,,2015-04-18T05:54:30,2015-04-18T21:19:47,0,Clear,Clear conditions throughout the day.,clear-day,71020599999
wekweti,2015-04-19,2.1,-9.9,-2.4,-0.7,-17.4,-6.7,-6.3,74.7,0,0,0,,0,0,,24.1,64.7,1020.9,22.7,14,180.6,15.6,5,,2015-04-19T05:50:58,2015-04-19T21:22:54,0.03,Partially cloudy,Partly cloudy throughout the day.,partly-cloudy-day,71020599999
wekweti,2015-04-20,-3.9,-13.9,-9,-8.8,-22.4,-15.8,-11.7,81.4,0,0,0,,0,0,,18.4,88.2,1021.7,5.9,13.7,228.6,19.9,6,,2015-04-20T05:47:26,2015-04-20T21:26:01,0.06,Clear,Clear conditions throughout the day.,clear-day,71020599999
wekweti,2015-04-21,-2.9,-16.9,-9.7,-8.7,-26.7,-17.1,-14.2,71.2,0,0,0,,0,0,,25.9,92.4,1022.8,3.1,14,232.4,20.2,7,,2015-04-21T05:43:54,2015-04-21T21:29:09,0.1,Clear,Clear conditions throughout the day.,clear-day,71020599999
wekweti,2015-04-22,-2.9,-14.9,-8.7,-9.3,-23.7,-16.4,-12.9,72.1,0,0,0,,0,0,,27.7,89,1022.9,19.2,14,236,20.2,7,,2015-04-22T05:40:23,2015-04-22T21:32:18,0.13,Clear,Clear conditions throughout the day.,clear-day,71020599999
wekweti,2015-04-23,-8.9,-19,-12.2,-16.9,-29.7,-21.3,-16.6,70.4,0,0,0,,0,0,,27.7,84.7,1028.5,23.8,14,182.9,15.7,5,,2015-04-23T05:36:53,2015-04-23T21:35:27,0.16,Partially cloudy,Partly cloudy throughout the day.,partly-cloudy-day,71020599999
wekweti,2015-04-24,-10.9,-21.9,-16.5,-18.3,-33,-25.5,-20.3,72.8,0,0,0,,0,0,,22.3,71.2,1032.5,0,14,224.7,19.4,6,,2015-04-24T05:33:22,2015-04-24T21:38:37,0.19,Clear,Clear conditions throughout the day.,clear-day,71020599999
wekweti,2015-04-25,-5.9,-15.9,-10.1,-11.7,-24,-16.9,-13.2,78.4,0,0,0,,0,0,,20.5,79.5,1029.7,61.1,14,180.3,15.6,5,,2015-04-25T05:29:52,2015-04-25T21:41:47,0.25,Partially cloudy,Partly cloudy throughout the day.,partly-cloudy-day,71020599999
wekweti,2015-04-26,-0.9,-10.9,-7,-5.5,-18.3,-13.1,-9.8,81.2,0,0,0,,0,0,,18.4,96,1026.8,58.3,13.7,206.2,17.8,6,,2015-04-26T05:26:22,2015-04-26T21:44:58,0.26,Partially cloudy,Partly cloudy throughout the day.,partly-cloudy-day,71020599999
wekweti,2015-04-27,-2.9,-13.9,-7.6,-8,-23.6,-15.1,-10.4,81,0,0,0,,0,0,,27.7,67.6,1019.5,26.5,14,151.6,12.9,4,,2015-04-27T05:22:53,2015-04-27T21:48:09,0.29,Partially cloudy,Becoming cloudy in the afternoon.,partly-cloudy-day,71020599999
wekweti,2015-04-28,6.1,-3.9,0.9,3.1,-9.9,-3.6,-3.2,74.9,0,0,0,,0,0,,18.4,65.3,1012,43,14,177.3,15.4,6,,2015-04-28T05:19:24,2015-04-28T21:51:21,0.32,Partially cloudy,Clearing in the afternoon.,partly-cloudy-day,71020599999
wekweti,2015-04-29,10.1,3.1,6.3,10.1,-1.7,3.6,-0.3,64.6,1,100,4.17,rain,0,0,,27.7,153.7,998.5,51.6,14,208.9,18.1,7,,2015-04-29T05:15:56,2015-04-29T21:54:34,0.36,"Rain, Partially cloudy",Clearing in the afternoon with morning rain.,rain,71020599999
wekweti,2015-04-30,10.1,1.1,4.7,10.1,-4.2,2,-0.6,69.4,0,0,0,,0,0,,25.9,14.8,998.7,29.7,14,154.8,13.4,5,,2015-04-30T05:12:28,2015-04-30T21:57:47,0.39,Partially cloudy,Clearing in the afternoon.,partly-cloudy-day,71020599999
wekweti,2015-05-01,2.1,-2.9,-0.4,0.1,-7.6,-4.1,-4.4,75.3,0,0,0,,0,0,,20.5,321,1005.3,47.8,14,213.9,18.4,6,,2015-05-01T05:09:00,2015-05-01T22:01:01,0.42,Partially cloudy,Becoming cloudy in the afternoon.,partly-cloudy-day,71020599999
wekweti,2015-05-02,-1.9,-7.9,-5.5,-4.9,-14.4,-10.7,-8.8,78.1,0,0,0,,0,0,,22.3,1,1014.4,88.6,11.9,131.3,11.4,4,,2015-05-02T05:05:33,2015-05-02T22:04:15,0.45,Partially cloudy,Partly cloudy throughout the day.,partly-cloudy-day,71020599999
wekweti,2015-05-03,-4.2,-10.9,-8.1,-9.9,-15.8,-13.4,-12.4,71.5,0,0,0,,0,0,,22.3,338.5,1021.5,48.7,13.8,150.9,12.8,4,,2015-05-03T05:02:07,2015-05-03T22:07:29,0.5,Partially cloudy,Partly cloudy throughout the day.,partly-cloudy-day,"71020599999,remote"
wekweti,2015-05-04,-5.9,-15.9,-10.4,-10.2,-20.4,-14.9,-16.5,62.5,0,0,0,,0,0,,16.6,3.7,1026,0,14,276.7,23.7,7,,2015-05-04T04:58:41,2015-05-04T22:10:44,0.52,Clear,Clear conditions throughout the day.,clear-day,71020599999
wekweti,2015-05-05,-0.9,-14.9,-7.9,-2.9,-21.6,-11.8,-14.5,62.1,0,0,0,,0,0,,14.8,75.2,1027.6,0,14,289.9,24.8,7,,2015-05-05T04:55:16,2015-05-05T22:14:00,0.56,Clear,Clear conditions throughout the day.,clear-day,71020599999
wekweti,2015-05-06,5.1,-10.9,-1.5,4.1,-15.4,-3.9,-11.3,50.9,0,0,0,,0,0,,11.2,93.1,1026.1,0,14,275.5,23.8,7,,2015-05-06T04:51:52,2015-05-06T22:17:16,0.59,Clear,Clear conditions throughout the day.,clear-day,71020599999
wekweti,2015-05-07,7.1,-3.9,1.8,3.7,-7.2,-0.7,-9.6,43.9,0,0,0,,0,0,,20.5,138.2,1024.4,33.5,14,221,19.1,6,,2015-05-07T04:48:29,2015-05-07T22:20:32,0.63,Partially cloudy,Partly cloudy throughout the day.,partly-cloudy-day,71020599999
wekweti,2015-05-08,9.1,-0.9,3.5,8.6,-4.7,1.1,-8,44.4,0,0,0,,0,0,,18.4,109.1,1025.1,23,14,272.1,23.5,7,,2015-05-08T04:45:06,2015-05-08T22:23:48,0.66,Partially cloudy,Partly cloudy throughout the day.,partly-cloudy-day,71020599999
wekweti,2015-05-09,11.1,-0.9,5.8,11.1,-3.1,4.8,-8,38.5,0,0,0,,0,0,,16.6,158.5,1025.2,0,14,289.3,24.9,7,,2015-05-09T04:41:44,2015-05-09T22:27:05,0.7,Clear,Clear conditions throughout the day.,clear-day,71020599999
wekweti,2015-05-10,15.1,1.1,8.5,15.1,-1.8,7.4,-4.1,42.3,0,0,0,,0,0,,22.3,182.6,1023.2,21.5,14,182.4,15.9,4,,2015-05-10T04:38:23,2015-05-10T22:30:22,0.74,Partially cloudy,Becoming cloudy in the afternoon.,partly-cloudy-day,71020599999
wekweti,2015-05-11,19.1,4.1,11.7,19.1,0.6,10.6,-3,38.2,0,0,0,,0,0,,24.1,133,1020.5,4,14,285.4,24.6,7,,2015-05-11T04:35:03,2015-05-11T22:33:39,0.75,Clear,Clear conditions throughout the day.,clear-day,71020599999
wekweti,2015-05-12,21.1,6.1,14.3,21.1,5.1,14.1,-3,32.4,0,0,0,,0,0,,25.9,202.5,1017.4,0,14,294.9,25.4,7,,2015-05-12T04:31:44,2015-05-12T22:36:56,0.81,Clear,Clear conditions throughout the day.,clear-day,71020599999
wekweti,2015-05-13,13.1,4.1,8.2,13.1,0.4,6.4,1.1,61.2,0,0,0,,0,0,,22.3,59.6,1018,26.3,14,281,24,7,,2015-05-13T04:28:26,2015-05-13T22:40:14,0.84,Partially cloudy,Partly cloudy throughout the day.,partly-cloudy-day,71020599999
wekweti,2015-05-14,21.1,2.1,9.8,21.1,-1.8,8,1.2,59.4,0,0,0,,0,0,,31.7,60.8,1010.8,39.1,14,275.3,23.7,7,,2015-05-14T04:25:09,2015-05-14T22:43:31,0.88,Partially cloudy,Clearing in the afternoon.,partly-cloudy-day,71020599999
wekweti,2015-05-15,6.1,-9.9,-1.3,2.8,-18.2,-7.4,-5.4,74.4,0,0,0,,0,0,,40.7,359.5,1017.2,42.4,13.1,215.1,18.5,6,,2015-05-15T04:21:54,2015-05-15T22:46:47,0.91,Partially cloudy,Partly cloudy throughout the day.,partly-cloudy-day,71020599999
wekweti,2015-05-16,5.1,-11.9,-3.5,2.2,-17.3,-6.6,-13,53,0,0,0,,0,0,,18.4,207.7,1032.6,8.7,14,307.8,26.7,8,,2015-05-16T04:18:39,2015-05-16T22:50:04,0.95,Clear,Clear conditions throughout the day.,clear-day,71020599999
wekweti,2015-05-17,15.1,-2.9,6.8,15.1,-6,5,-7.7,37.8,0,0,0,,0,0,,25.9,195.1,1026.5,23.8,14,300.4,25.9,7,,2015-05-17T04:15:27,2015-05-17T22:53:20,0,Partially cloudy,Partly cloudy throughout the day.,partly-cloudy-day,"71020599999,remote"
wekweti,2015-05-18,18.5,0.1,10.8,18.5,0.1,10.6,-1.4,44.1,0,0,0,,0,0,,22.3,69.2,1025.2,5.3,14,295.3,25.3,7,,2015-05-18T04:12:15,2015-05-18T22:56:36,0.02,Clear,Clear conditions throughout the day.,clear-day,"71020599999,remote"
wekweti,2015-05-19,18.1,2.1,10.5,18.1,-1.5,9.2,-1,49.3,0,0,0,,0,0,,16.6,106.1,1027.1,2.3,14,313.2,26.9,8,,2015-05-19T04:09:05,2015-05-19T22:59:51,0.05,Clear,Clear conditions throughout the day.,clear-day,71020599999
wekweti,2015-05-20,21.1,4.1,13.6,21.1,0.9,12.8,-0.1,43,0,0,0,,0,0,,22.3,160.7,1021.9,1,14,306,26.3,7,,2015-05-20T04:05:57,2015-05-20T23:03:06,0.08,Clear,Clear conditions throughout the day.,clear-day,71020599999
wekweti,2015-05-21,22.1,10.1,15.2,22.1,10.1,15.2,1.4,40.6,0,0,0,,0,0,,22.3,358.7,1016.6,18.8,14,242.9,21.1,6,,2015-05-21T04:02:51,2015-05-21T23:06:19,0.12,Clear,Clear conditions throughout the day.,clear-day,"71020599999,remote"
wekweti,2015-05-22,19.1,2.1,10.8,19.1,-1.1,9.7,0.7,54.8,0,0,0,,0,0,,19.8,94,1023.4,3,14,310.7,26.9,8,,2015-05-22T03:59:47,2015-05-22T23:09:32,0.15,Clear,Clear conditions throughout the day.,clear-day,"71020599999,remote"
wekweti,2015-05-23,20.1,7.1,13.2,20.1,4.6,12.8,1.3,45.9,0,0,0,,0,0,,24.1,331.5,1021.3,7.7,14,293.8,25.7,7,,2015-05-23T03:56:45,2015-05-23T23:12:43,0.18,Clear,Clear conditions throughout the day.,clear-day,71020599999
wekweti,2015-05-24,13.1,1.1,7.5,13.1,-3.4,5.6,0.1,61.9,0,0,0,,0,0,,20.5,78.6,1018.5,27.8,14,274.2,23.5,6,,2015-05-24T03:53:45,2015-05-24T23:15:53,0.21,Partially cloudy,Partly cloudy throughout the day.,partly-cloudy-day,71020599999
wekweti,2015-05-25,8.1,1.1,5,6.4,-4.4,1.8,-3.2,57.1,0,0,0,,0,0,,24.1,61.9,1018.6,11.6,14,327.5,28.4,8,,2015-05-25T03:50:47,2015-05-25T23:19:02,0.25,Clear,Clear conditions throughout the day.,clear-day,71020599999
wekweti,2015-05-26,7.1,-0.9,3.9,4.6,-4.6,0.9,-4.1,57.1,0,0,0,,0,0,,25.9,40.4,1021.8,11.5,14,292.4,25.2,7,,2015-05-26T03:47:52,2015-05-26T23:22:09,0.28,Clear,Clear conditions throughout the day.,clear-day,71020599999
wekweti,2015-05-27,3.1,-2.9,0,0.6,-9,-4.4,-7.9,56.3,0,0,0,,0,0,,22.3,56.6,1030,23.8,14,300.6,25.9,7,,2015-05-27T03:45:00,2015-05-27T23:25:13,0.31,Partially cloudy,Partly cloudy throughout the day.,partly-cloudy-day,71020599999
wekweti,2015-05-28,8.1,-3.9,3.5,6.8,-7.2,1,-6.8,50.7,0,0,0,,0,0,,18.4,67.3,1033.5,4.3,14,292.9,25.2,7,,2015-05-28T03:42:10,2015-05-28T23:28:16,0.34,Clear,Clear conditions throughout the day.,clear-day,71020599999
wekweti,2015-05-29,15.1,1.1,8.6,15.1,-1.5,7.4,-4,43.1,0,0,0,,0,0,,24.1,217.6,1025.8,7.9,14,269.2,23.3,7,,2015-05-29T03:39:24,2015-05-29T23:31:16,0.37,Clear,Clear conditions throughout the day.,clear-day,71020599999
wekweti,2015-05-30,22.1,4.1,13.6,22.1,2.2,13.3,-2,37.9,0,0,0,,0,0,,14.8,243.6,1013.8,15.2,14,293.8,25.4,7,,2015-05-30T03:36:41,2015-05-30T23:34:13,0.41,Clear,Clear conditions throughout the day.,clear-day,71020599999
wekweti,2015-05-31,13.1,2.1,4.6,13.1,-3.7,0.7,1.1,79.5,0,0,0,,0,0,,29.5,24,1010.5,91.7,13.5,167.4,14.5,5,,2015-05-31T03:34:02,2015-05-31T23:37:07,0.44,Overcast,Cloudy skies throughout the day.,cloudy,71020599999
wekweti,2015-06-01,2.1,-0.9,0.8,-1.8,-7.4,-4.4,-3.1,76.7,3.3,100,20.83,"rain,snow",0,0,,27.7,0.5,1014.9,73.2,9.8,160.5,14,4,,2015-06-01T03:31:27,2015-06-01T23:39:58,0.47,"Snow, Rain, Partially cloudy",Partly cloudy throughout the day with rain or snow clearing later.,rain,71020599999
wekweti,2015-06-02,5.1,-0.9,2.1,3.3,-3.7,-0.7,-5.6,57.1,0,0,0,,0,0,,20.5,106,1019.3,49.2,14,166.2,14.5,3,,2015-06-02T03:28:56,2015-06-02T23:42:44,0.5,Partially cloudy,Partly cloudy throughout the day.,partly-cloudy-day,71020599999
wekweti,2015-06-03,10.1,-1.9,4.4,10.1,-7.1,1.2,-0.9,69.5,0,0,0,,0,0,,24.1,98.8,1019.2,12.6,14,286.6,24.6,7,,2015-06-03T03:26:30,2015-06-03T23:45:27,0.54,Clear,Clear conditions throughout the day.,clear-day,71020599999
wekweti,2015-06-04,13.1,3.1,6.8,13.1,-0.9,4.2,3.1,78,0.8,100,4.17,rain,0,0,,25.9,78.1,1014.3,55.4,14,167.3,14.3,5,,2015-06-04T03:24:08,2015-06-04T23:48:05,0.57,"Rain, Partially cloudy",Partly cloudy throughout the day with morning rain.,rain,71020599999
wekweti,2015-06-05,25.1,4.1,15.4,25.1,2.2,15.1,5.4,57.9,0,0,0,,0,0,,37.1,192.8,1005.4,31,14,246.3,21.4,7,,2015-06-05T03:21:52,2015-06-05T23:50:39,0.61,Partially cloudy,Clearing in the afternoon.,partly-cloudy-day,71020599999
wekweti,2015-06-06,22.1,11.1,16.6,22.1,11.1,16.6,6.1,53.3,0,0,0,,0,0,,31.7,309.4,1001.1,19.6,14,313.5,27.3,7,,2015-06-06T03:19:41,2015-06-06T23:53:06,0.65,Clear,Clear conditions throughout the day.,clear-day,71020599999
wekweti,2015-06-07,18.1,4.1,13.1,18.1,2.9,12.9,3,53,0,0,0,,0,0,,25.9,271.4,1006.1,26.9,14,234,20.3,6,,2015-06-07T03:17:37,2015-06-07T23:55:28,0.68,Partially cloudy,Partly cloudy throughout the day.,partly-cloudy-day,71020599999
wekweti,2015-06-08,14.1,6.1,10.3,14.1,5.7,9.9,3.6,64.8,0,0,0,,0,0,,24.1,335.1,1007.3,22.7,14,329.8,28.4,8,,2015-06-08T03:15:39,2015-06-08T23:57:44,0.72,Partially cloudy,Partly cloudy throughout the day.,partly-cloudy-day,71020599999
wekweti,2015-06-09,15.5,3.1,9.3,15.5,0.5,8.5,2.1,63.5,0,0,0,,0,0,,14.4,319,1013.9,24.7,14,308.8,26.7,7,,2015-06-09T03:13:47,2015-06-09T23:59:53,0.75,Partially cloudy,Partly cloudy throughout the day.,partly-cloudy-day,"71020599999,remote"
wekweti,2015-06-10,20.1,6.4,14.9,20.1,3.8,14.4,1.8,44.7,0,0,0,,0,0,,31.7,174.1,1008.9,11.4,14,340.2,29.4,8,,2015-06-10T03:12:03,2015-06-11T00:01:54,0.79,Clear,Clear conditions throughout the day.,clear-day,"71020599999,remote"
wekweti,2015-06-11,22.1,11.1,17,22.1,11.1,17,2.4,38.9,0,0,0,,0,0,,29.5,142.3,1007.1,23.1,14,277.6,23.9,7,,2015-06-11T03:10:27,2015-06-12T00:03:48,0.83,Partially cloudy,Partly cloudy throughout the day.,partly-cloudy-day,71020599999
wekweti,2015-06-12,23.1,11.1,16.9,23.1,11.1,16.9,2.5,41.2,0,0,0,,0,0,,18.4,84.5,1013,10.6,14,336.8,29,8,,2015-06-12T03:08:59,2015-06-13T00:05:33,0.86,Clear,Clear conditions throughout the day.,clear-day,71020599999
wekweti,2015-06-13,21.1,9.1,15.9,21.1,7.3,15.8,4.1,47.3,0,0,0,,0,0,,20.5,33.8,1023.7,13.1,14,289.1,25.1,7,,2015-06-13T03:07:40,2015-06-14T00:07:10,0.9,Clear,Clear conditions throughout the day.,clear-day,71020599999
wekweti,2015-06-14,12.1,5.1,8.8,12.1,1.1,6.8,1.9,64.8,0,0,0,,0,0,,31.7,359.2,1028.2,67.6,14,258.9,22.4,8,,2015-06-14T03:06:30,2015-06-15T00:08:37,0.93,Partially cloudy,Partly cloudy throughout the day.,partly-cloudy-day,71020599999
wekweti,2015-06-15,10.1,3.1,7.2,10.1,0.1,5,0.4,65,0,0,0,,0,0,,22.3,17.9,1020.9,33.2,14,283.5,24.5,7,,2015-06-15T03:05:29,2015-06-16T00:09:55,0.97,Partially cloudy,Partly cloudy throughout the day.,partly-cloudy-day,71020599999
wekweti,2015-06-16,12.1,3.1,7.3,12.1,-0.6,5.4,-1.4,56.6,0,0,0,,0,0,,20.5,353,1019.4,41,14,291.5,25.2,7,,2015-06-16T03:04:39,2015-06-17T00:11:02,0,Partially cloudy,Partly cloudy throughout the day.,partly-cloudy-day,71020599999
wekweti,2015-06-17,15.1,4.1,10.1,15.1,1.7,9.5,0.5,52.8,0,0,0,,0,0,,24.1,302.3,1016.6,41.2,14,225.8,19.5,6,,2015-06-17T03:03:59,2015-06-18T00:11:59,0.04,Partially cloudy,Partly cloudy throughout the day.,partly-cloudy-day,71020599999
wekweti,2015-06-18,11.1,7.1,9.6,11.1,4.9,9,1.5,58.1,0,0,0,,0,0,,27.7,326.3,1013.9,45.9,14,287.2,24.8,7,,2015-06-18T03:03:29,2015-06-19T00:12:45,0.07,Partially cloudy,Clearing in the afternoon.,partly-cloudy-day,71020599999
wekweti,2015-06-19,16.1,5.1,11.3,16.1,3.3,10.7,3.6,60.5,0,0,0,,0,0,,37.1,289.4,1011.7,53.4,13.8,210.7,18.4,6,,2015-06-19T03:03:10,2015-06-20T00:13:20,0.1,Partially cloudy,Partly cloudy throughout the day.,partly-cloudy-day,71020599999
wekweti,2015-06-20,14.1,8.1,10.7,14.1,5.8,9.8,0.7,52.3,0,0,0,,0,0,,25.9,326.2,1012,42.1,14,336.7,29.1,8,,2015-06-20T03:03:03,2015-06-21T00:13:43,0.13,Partially cloudy,Partly cloudy throughout the day.,partly-cloudy-day,71020599999
wekweti,2015-06-21,12.1,8.1,10.2,12.1,6.1,9.5,4.9,69.9,0,0,0,,0,0,,22.3,320.5,1010.1,80.6,14,159.6,13.9,5,,2015-06-21T03:03:07,2015-06-22T00:13:55,0.17,Partially cloudy,Partly cloudy throughout the day.,partly-cloudy-day,71020599999
wekweti,2015-06-22,19.1,6.1,12.5,19.1,3.7,12,1.4,52.6,0,0,0,,0,0,,14.8,39.2,1012.1,24.9,13.9,328.3,28.3,8,,2015-06-22T03:03:22,2015-06-23T00:13:56,0.2,Partially cloudy,Clearing in the afternoon.,partly-cloudy-day,71020599999
wekweti,2015-06-23,24.1,10.1,17.5,24.1,10.1,17.5,5.2,46.7,0,0,0,,0,0,,31.7,270.8,1008.2,27.8,14,328.6,28.4,8,,2015-06-23T03:03:48,2015-06-24T00:13:46,0.23,Partially cloudy,Partly cloudy throughout the day.,partly-cloudy-day,71020599999
wekweti,2015-06-24,19.1,10.1,15.7,19.1,10.1,15.7,3.8,47.6,0,0,0,,0,0,,31.7,317,1009.1,30.1,14,339.2,29.1,8,,2015-06-24T03:04:26,2015-06-25T00:13:25,0.25,Partially cloudy,Partly cloudy throughout the day.,partly-cloudy-day,71020599999
wekweti,2015-06-25,25.1,11.1,18.9,25.1,11.1,18.9,5.3,44.9,0,0,0,,0,0,,22.3,251.8,1012.4,0,14,344.9,29.7,8,,2015-06-25T03:05:14,2015-06-26T00:12:52,0.3,Clear,Clear conditions throughout the day.,clear-day,71020599999
wekweti,2015-06-26,26.1,13.1,20.8,26.1,13.1,20.8,9.3,49.4,0,0,0,,0,0,,14.8,208.1,1008.6,0,14,201,17.1,5,,2015-06-26T03:06:14,2015-06-27T00:12:09,0.33,Clear,Clear conditions throughout the day.,clear-day,71020599999
wekweti,2015-06-27,23.1,15.1,17.7,23.1,15.1,17.7,12.6,73.1,0,0,0,,0,0,,20.5,64.2,1007.9,30.4,13.4,123.8,10.7,2,,2015-06-27T03:07:23,2015-06-28T00:11:16,0.36,Partially cloudy,Partly cloudy throughout the day.,partly-cloudy-day,71020599999
wekweti,2015-06-28,22.1,13.1,18.4,22.1,13.1,18.4,12.1,69.1,0,0,0,,0,0,,29.5,277.3,1011,17,14,287.1,24.7,6,,2015-06-28T03:08:42,2015-06-29T00:10:13,0.39,Clear,Clear conditions throughout the day.,clear-day,71020599999
wekweti,2015-06-29,23.1,13.1,18.5,23.1,13.1,18.5,9.1,56,0,0,0,,0,0,,14.8,263.9,1015.6,12,14,294.6,25.4,7,,2015-06-29T03:10:11,2015-06-30T00:09:00,0.42,Clear,Clear conditions throughout the day.,clear-day,71020599999
wekweti,2015-06-30,22.1,14.1,17.8,22.1,14.1,17.8,10.4,62.8,0,0,0,,0,0,,14.8,36.6,1014.1,34.6,14,88.9,7.6,3,,2015-06-30T03:11:49,2015-07-01T00:07:38,0.46,Partially cloudy,Partly cloudy throughout the day.,partly-cloudy-day,71020599999
wekweti,2015-07-01,23.1,13.1,17.6,23.1,13.1,17.6,10.5,66.1,0,0,0,,0,0,,22.3,46,1013.6,45.2,14,215.8,18.6,7,,2015-07-01T03:13:35,2015-07-02T00:06:07,0.5,Partially cloudy,Partly cloudy throughout the day.,partly-cloudy-day,71020599999
wekweti,2015-07-02,20.1,13.1,16.8,20.1,13.1,16.8,8.9,61.7,0,0,0,,0,0,,22.3,74.3,1012.8,13.5,14,294.3,25.4,7,,2015-07-02T03:15:30,2015-07-03T00:04:28,0.52,Clear,Clear conditions throughout the day.,clear-day,71020599999
wekweti,2015-07-03,19.1,11.1,15.6,19.1,11.1,15.6,6.4,55.8,0,0,0,,0,0,,35.3,87,1010.9,21.1,14,228.6,19.9,6,,2015-07-03T03:17:32,2015-07-04T00:02:42,0.56,Partially cloudy,Partly cloudy throughout the day.,partly-cloudy-day,71020599999
wekweti,2015-07-04,22.1,10.1,16.6,22.1,10.1,16.6,6.3,52.8,0,0,0,,0,0,,16.6,11.9,1018.6,2.5,14,325.2,28.1,8,,2015-07-04T03:19:41,2015-07-05T00:00:49,0.6,Clear,Clear conditions throughout the day.,clear-day,71020599999
wekweti,2015-07-05,17.1,11.1,15.1,17.1,11.1,15.1,7.5,61.2,0,0,0,,0,0,,33.5,295.3,1016.6,77.4,14,136.3,11.7,4,,2015-07-05T03:21:57,2015-07-05T23:58:49,0.63,Partially cloudy,Partly cloudy throughout the day.,partly-cloudy-day,71020599999
wekweti,2015-07-06,11.1,5.1,8.2,11.1,2.5,6.2,2.2,66.7,0,0,0,,0,0,,22.3,333.9,1020,29.2,14,288.7,24.8,7,,2015-07-06T03:24:19,2015-07-06T23:56:42,0.67,Partially cloudy,Partly cloudy throughout the day.,partly-cloudy-day,71020599999
wekweti,2015-07-07,17.1,5.1,11.6,17.1,2.5,10.8,2.1,56.1,0,0,0,,0,0,,20.5,268.8,1013.9,14.4,14,246.2,21.2,7,,2015-07-07T03:26:47,2015-07-07T23:54:30,0.7,Clear,Clear conditions throughout the day.,clear-day,71020599999
wekweti,2015-07-08,14.1,9.1,11.9,14.1,6,11.8,6.5,70.3,1.5,100,4.17,rain,0,0,,35.3,276.1,1000.1,66.8,12.2,99,8.6,2,,2015-07-08T03:29:20,2015-07-08T23:52:12,0.75,"Rain, Partially cloudy",Partly cloudy throughout the day with afternoon rain.,rain,71020599999
wekweti,2015-07-09,12.1,7.1,9.3,12.1,2.2,7,4.6,73.1,0,0,0,,0,0,,37.1,290.5,1002.5,27.7,12.8,265.3,22.8,7,,2015-07-09T03:31:57,2015-07-09T23:49:49,0.77,Partially cloudy,Partly cloudy throughout the day.,partly-cloudy-day,71020599999
wekweti,2015-07-10,13.1,8.1,10.4,13.1,4.9,9.1,5.8,74.1,0,0,0,,0,0,,35.3,273.5,1008.6,22.3,14,287,24.9,7,,2015-07-10T03:34:39,2015-07-10T23:47:21,0.81,Partially cloudy,Partly cloudy throughout the day.,partly-cloudy-day,71020599999
wekweti,2015-07-11,17.1,7.1,12.4,17.1,6.8,12.2,4.4,61.1,0,0,0,,0,0,,16.6,42.1,1013.6,20.2,14,319.3,27.7,8,,2015-07-11T03:37:25,2015-07-11T23:44:49,0.85,Partially cloudy,Clearing in the afternoon.,partly-cloudy-day,71020599999
wekweti,2015-07-12,19.1,10.1,15.4,19.1,10.1,15.4,5.7,54.5,0,0,0,,0,0,,27.7,108.4,1015.6,11.2,14,303.8,26.4,7,,2015-07-12T03:40:14,2015-07-12T23:42:13,0.88,Clear,Clear conditions throughout the day.,clear-day,71020599999
wekweti,2015-07-13,15.1,12.1,13.7,15.1,12.1,13.7,8.1,69.3,0,0,0,,0,0,,33.5,108.3,1012.6,80.3,14,89.3,7.7,2,,2015-07-13T03:43:06,2015-07-13T23:39:33,0.92,Partially cloudy,Partly cloudy throughout the day.,partly-cloudy-day,71020599999
wekweti,2015-07-14,17.1,13.1,14.3,17.1,13.1,14.3,12.1,87,0,0,0,,0,0,,14.8,103.8,1009.4,91,11.5,131.7,11.4,3,,2015-07-14T03:46:02,2015-07-14T23:36:49,0.95,Overcast,Cloudy skies throughout the day.,cloudy,71020599999
wekweti,2015-07-15,16.1,13.1,14.4,16.1,13.1,14.4,11.8,84.7,0,0,0,,0,0,,16.6,58.2,1004.1,62.1,12.9,205.1,17.8,5,,2015-07-15T03:49:00,2015-07-15T23:34:02,0,Partially cloudy,Clearing in the afternoon.,partly-cloudy-day,71020599999
wekweti,2015-07-16,22.1,12.1,15.6,22.1,12.1,15.6,12.2,81.9,0,0,0,,0,0,,24.1,60,1007,54.8,13.7,220.3,19.3,5,,2015-07-16T03:52:00,2015-07-16T23:31:12,0.02,Partially cloudy,Partly cloudy throughout the day.,partly-cloudy-day,71020599999
wekweti,2015-07-17,21.1,11.1,16.1,21.1,11.1,16.1,8.5,64.2,0,0,0,,0,0,,22.3,101.5,1012.8,26.7,14,212.9,18.5,6,,2015-07-17T03:55:02,2015-07-17T23:28:18,0.05,Partially cloudy,Partly cloudy throughout the day.,partly-cloudy-day,71020599999
wekweti,2015-07-18,20.1,11.1,15.6,20.1,11.1,15.6,7.9,62.8,0,0,0,,0,0,,25.9,64.6,1005.6,53.1,14,193.6,16.9,5,,2015-07-18T03:58:07,2015-07-18T23:25:23,0.09,Partially cloudy,Partly cloudy throughout the day.,partly-cloudy-day,"71020599999,remote"
wekweti,2015-07-19,13.1,8.1,11.1,13.1,6.4,10.8,5.3,69.1,0,0,0,,0,0,,18.4,13.3,1011.2,29.6,14,251.5,21.7,6,,2015-07-19T04:01:12,2015-07-19T23:22:24,0.12,Partially cloudy,Partly cloudy throughout the day.,partly-cloudy-day,71020599999
wekweti,2015-07-20,15.1,8.1,11.4,15.1,6.1,10.9,6,69.7,0,0,0,,0,0,,24.1,298.1,1013,48.2,14,204.7,17.6,5,,2015-07-20T04:04:20,2015-07-20T23:19:23,0.15,Partially cloudy,Partly cloudy throughout the day.,partly-cloudy-day,71020599999
wekweti,2015-07-21,12.1,9.1,10.6,12.1,6.8,10.4,6.7,76.9,0,0,0,,0,0,,27.7,287.7,1007.4,21.8,13.3,250.4,21.6,6,,2015-07-21T04:07:28,2015-07-21T23:16:21,0.18,Partially cloudy,Partly cloudy throughout the day.,partly-cloudy-day,71020599999
wekweti,2015-07-22,16.1,7.1,11.5,16.1,5.7,11.2,5.4,69.1,0,0,0,,0,0,,9.4,310.6,1006.5,49,14,211.6,18.3,5,,2015-07-22T04:10:38,2015-07-22T23:13:16,0.22,Partially cloudy,Partly cloudy throughout the day.,partly-cloudy-day,71020599999
wekweti,2015-07-23,18.1,8.1,13.5,18.1,5.8,13.2,4.5,57.4,0,0,0,,0,0,,14.8,353.9,1006.5,8.8,13.7,305.6,26.4,7,,2015-07-23T04:13:48,2015-07-23T23:10:09,0.25,Clear,Clear conditions throughout the day.,clear-day,"71020599999,remote"
wekweti,2015-07-24,21.1,9.1,15.6,21.1,9.1,15.6,5.1,52.6,0,0,0,,0,0,,13,67.6,1007.4,19.1,14,254.7,21.9,7,,2015-07-24T04:16:59,2015-07-24T23:07:00,0.28,Clear,Clear conditions throughout the day.,clear-day,71020599999
wekweti,2015-07-25,22.1,13.1,17.7,22.1,13.1,17.7,7.4,53.5,0,0,0,,0,0,,13,74.9,1008.4,54.2,14,259.1,22.2,7,,2015-07-25T04:20:11,2015-07-25T23:03:50,0.31,Partially cloudy,Partly cloudy throughout the day.,partly-cloudy-day,71020599999
wekweti,2015-07-26,21.1,14.1,18,21.1,14.1,18,7.9,53.8,0,0,0,,0,0,,11.2,83.3,1008.9,59.9,14,237.3,20.5,6,,2015-07-26T04:23:23,2015-07-26T23:00:38,0.35,Partially cloudy,Partly cloudy throughout the day.,partly-cloudy-day,71020599999
wekweti,2015-07-27,22.1,12.1,18,22.1,12.1,18,6.4,49.6,0,0,0,,0,0,,14.8,106.5,1009.9,14.8,14,303.3,26.3,7,,2015-07-27T04:26:36,2015-07-27T22:57:25,0.38,Clear,Clear conditions throughout the day.,clear-day,71020599999
wekweti,2015-07-28,24.1,13.1,19.3,24.1,13.1,19.3,6.4,47,0,0,0,,0,0,,18.4,135.9,1010.2,12.1,14,301,26.1,7,,2015-07-28T04:29:49,2015-07-28T22:54:10,0.41,Clear,Clear conditions throughout the day.,clear-day,71020599999
wekweti,2015-07-29,22.1,13.1,18.7,22.1,13.1,18.7,8.2,52.5,0,0,0,,0,0,,18.4,105.6,1010.9,13.8,14,254.8,21.9,7,,2015-07-29T04:33:02,2015-07-29T22:50:54,0.44,Clear,Clear conditions throughout the day.,clear-day,71020599999
wekweti,2015-07-30,22.1,13.1,17.8,22.1,13.1,17.8,9.6,60.2,0,0,0,,0,0,,27.7,83.8,1014.8,13.8,14,209,18.1,6,,2015-07-30T04:36:15,2015-07-30T22:47:37,0.48,Clear,Clear conditions throughout the day.,clear-day,71020599999
wekweti,2015-07-31,19.1,11.1,15.5,19.1,11.1,15.5,7.7,61.4,0,0,0,,0,0,,24.1,101.3,1018.2,38.7,14,185.6,15.9,5,,2015-07-31T04:39:28,2015-07-31T22:44:18,0.5,Partially cloudy,Partly cloudy throughout the day.,partly-cloudy-day,71020599999
wekweti,2015-08-01,21.1,11.1,17,21.1,11.1,17,7.3,56,0,0,0,,0,0,,14.8,119.6,1017.1,21.8,14,189.7,16.6,6,,2015-08-01T04:42:41,2015-08-01T22:40:59,0.55,Partially cloudy,Partly cloudy throughout the day.,partly-cloudy-day,71020599999
wekweti,2015-08-02,22.1,12.1,17.5,22.1,12.1,17.5,7.6,54.3,0,0,0,,0,0,,16.6,131.8,1017.4,20.1,14,246.2,21.2,6,,2015-08-02T04:45:54,2015-08-02T22:37:38,0.58,Partially cloudy,Partly cloudy throughout the day.,partly-cloudy-day,71020599999
wekweti,2015-08-03,24.1,12.1,18.7,24.1,12.1,18.7,4.8,44.2,0,0,0,,0,0,,11.2,164.1,1018.4,3.3,14,268.8,23.4,7,,2015-08-03T04:49:06,2015-08-03T22:34:17,0.62,Clear,Clear conditions throughout the day.,clear-day,71020599999
wekweti,2015-08-04,26.1,13.1,19.8,26.1,13.1,19.8,6.4,47.6,0,0,0,,0,0,,18.4,151,1019.9,0,13.9,264.8,23,7,,2015-08-04T04:52:19,2015-08-04T22:30:55,0.65,Clear,Clear conditions throughout the day.,clear-day,71020599999
wekweti,2015-08-05,25.1,14.1,20.2,25.1,14.1,20.2,5.1,39.9,0,0,0,,0,0,,16.6,174.6,1019.5,3.6,11,246.6,21.4,7,,2015-08-05T04:55:30,2015-08-05T22:27:32,0.69,Clear,Clear conditions throughout the day.,clear-day,"71020599999,remote"
wekweti,2015-08-06,24.1,14.1,19.9,24.1,14.1,19.9,7.7,47.6,0,0,0,,0,0,,25.9,175.8,1013.3,7.9,12.1,256.4,22,7,,2015-08-06T04:58:42,2015-08-06T22:24:08,0.75,Clear,Clear conditions throughout the day.,clear-day,71020599999
wekweti,2015-08-07,24.1,14.1,18.9,24.1,14.1,18.9,10.1,58.1,0,0,0,,0,0,,16.6,234.4,1009,28.7,12.4,228.9,19.9,6,,2015-08-07T05:01:53,2015-08-07T22:20:43,0.76,Partially cloudy,Partly cloudy throughout the day.,partly-cloudy-day,71020599999
wekweti,2015-08-08,21.1,11.1,16.1,21.1,11.1,16.1,11.6,76,0,0,0,,0,0,,18.4,57.9,1012.6,35,14,171.6,14.8,5,,2015-08-08T05:05:04,2015-08-08T22:17:18,0.79,Partially cloudy,Partly cloudy throughout the day.,partly-cloudy-day,71020599999
wekweti,2015-08-09,24.1,13.1,18.3,24.1,13.1,18.3,11.4,67,0,0,0,,0,0,,29.5,144.6,1014,36.4,13.5,215.2,18.7,6,,2015-08-09T05:08:14,2015-08-09T22:13:52,0.83,Partially cloudy,Partly cloudy throughout the day.,partly-cloudy-day,71020599999
wekweti,2015-08-10,20.1,16.1,18.2,20.1,16.1,18.2,13.6,75,0,0,0,,0,0,,24.1,150.2,1005.3,54.7,11,126.6,10.8,4,,2015-08-10T05:11:24,2015-08-10T22:10:25,0.86,Partially cloudy,Partly cloudy throughout the day.,partly-cloudy-day,71020599999
wekweti,2015-08-11,23,15.1,18.6,23,15.1,18.6,12,68,0,0,0,,0,0,33.5,22.3,210.1,997.2,44.2,14,178.4,15.5,6,,2015-08-11T05:14:33,2015-08-11T22:06:58,0.9,Partially cloudy,Clearing in the afternoon.,partly-cloudy-day,"71020599999,CYWE"
wekweti,2015-08-12,15,12,13.4,15,12,13.4,11,85.9,0,0,0,,0,0,35.3,24.1,308.2,1004.7,95.8,13.4,144.2,12.5,4,,2015-08-12T05:17:42,2015-08-12T22:03:30,0.93,Overcast,Cloudy skies throughout the day.,cloudy,"71020599999,CYWE"
wekweti,2015-08-13,13,10,11.4,13,10,11.4,9.1,86.3,0,0,0,,0,0,27.7,18.4,36,1013.3,100,9.7,125.3,10.8,3,,2015-08-13T05:20:50,2015-08-13T22:00:02,0.97,Overcast,Cloudy skies throughout the day.,cloudy,"71020599999,CXLC,71680099999,CYWE"
wekweti,2015-08-14,14,9,11.3,14,6.1,10.9,6.9,75.2,0,0,0,,0,0,35.3,20.5,23.2,1016.9,99,13.5,97.2,8.5,4,,2015-08-14T05:23:57,2015-08-14T21:56:33,0,Overcast,Cloudy skies throughout the day.,cloudy,"71020599999,CXLC,71680099999,CYWE"
wekweti,2015-08-15,17,9,13.4,17,8.5,13.4,5.7,62.5,0,0,0,,0,0,,20.4,19.2,1020.4,79.9,13.6,232.9,20.2,6,,2015-08-15T05:27:04,2015-08-15T21:53:04,0.04,Partially cloudy,Partly cloudy throughout the day.,partly-cloudy-day,"71020599999,CXLC,71680099999,CYWE"
wekweti,2015-08-16,20,10,13.9,20,10,13.9,6.7,63.9,1.5,100,4.17,rain,0,0,42.3,31.7,258.4,1016,57,14,173.5,14.9,6,,2015-08-16T05:30:11,2015-08-16T21:49:35,0.07,"Rain, Partially cloudy",Partly cloudy throughout the day with late afternoon rain.,rain,"71020599999,CXLC,71680099999,CYWE"
wekweti,2015-08-17,13,5,9.5,13,2.8,8.9,5.7,78.3,0,0,0,,0,0,27.7,18.3,53.1,1016.4,69.9,13.8,221,19.1,7,,2015-08-17T05:33:16,2015-08-17T21:46:05,0.1,Partially cloudy,Partly cloudy throughout the day.,partly-cloudy-day,"71020599999,CXLC,71680099999,CYWE"
wekweti,2015-08-18,17,7,12.1,17,6.1,11.6,6.8,72.7,0,0,0,,0,0,46.1,29.5,143.9,1013.6,62.6,13.9,212.8,18.1,6,,2015-08-18T05:36:21,2015-08-18T21:42:34,0.14,Partially cloudy,Partly cloudy throughout the day.,partly-cloudy-day,"71020599999,CXLC,71680099999,CYWE"
wekweti,2015-08-19,14,10,11.6,14,10,11.6,9.9,89.8,4.3,100,8.33,rain,0,0,50,35.2,95.3,998.3,100,9.6,53.6,4.5,2,,2015-08-19T05:39:26,2015-08-19T21:39:03,0.17,"Rain, Overcast",Cloudy skies throughout the day with rain in the morning and afternoon.,rain,"71020599999,CXLC,71680099999,CYWE"
wekweti,2015-08-20,10,7,8.8,10,3,5.6,7.1,89.4,3,100,8.33,rain,0,0,59.3,38.8,38.7,1003.8,99.5,11.6,53.9,4.6,1,,2015-08-20T05:42:29,2015-08-20T21:35:32,0.2,"Rain, Overcast",Cloudy skies throughout the day with rain.,rain,"71020599999,CXLC,71680099999,CYWE"
wekweti,2015-08-21,9,6,7.2,5.6,1.7,3.4,4.6,83.7,0,0,0,,0,0,51.8,35.3,20.3,1012,99,13.4,105.3,8.8,3,,2015-08-21T05:45:33,2015-08-21T21:32:01,0.24,Overcast,Cloudy skies throughout the day.,cloudy,"71020599999,CXLC,71680099999,CYWE"
wekweti,2015-08-22,9,5,6.7,7,0.8,3.6,4.8,87.7,0.8,100,4.17,rain,0,0,42.5,22.4,1.2,1015.8,99.5,13.5,130.7,11.2,4,,2015-08-22T05:48:35,2015-08-22T21:28:29,0.25,"Rain, Overcast",Cloudy skies throughout the day with morning rain.,rain,"71020599999,CXLC,71680099999,CYWE"
wekweti,2015-08-23,13,7,9.6,13,5.2,9.1,7.3,86.2,0,0,0,,0,0,,12.9,304.3,1015.2,99.5,13.3,215.7,18.7,6,,2015-08-23T05:51:37,2015-08-23T21:24:57,0.3,Overcast,Cloudy skies throughout the day.,cloudy,"71020599999,CXLC,71680099999,CYWE"
wekweti,2015-08-24,16,9,12.1,16,7,11.6,8.2,78.7,0,0,0,,0,0,31.3,18.4,79.6,1015.1,76,14,90.4,7.8,4,,2015-08-24T05:54:38,2015-08-24T21:21:25,0.33,Partially cloudy,Partly cloudy throughout the day.,partly-cloudy-day,"71020599999,CXLC,71680099999,CYWE"
wekweti,2015-08-25,15,8,11.5,15,6.4,11.2,8.3,82.1,0,0,0,,0,0,,16.5,335.9,1018,67.1,13.3,144.9,12.6,5,,2015-08-25T05:57:39,2015-08-25T21:17:53,0.37,Partially cloudy,Partly cloudy throughout the day.,partly-cloudy-day,"71020599999,CXLC,71680099999,CYWE"
wekweti,2015-08-26,17,7,12.3,17,5.6,11.9,6.7,71.5,0,0,0,,0,0,35.3,16.5,241.3,1016.5,54.8,14,177.8,15.1,5,,2015-08-26T06:00:39,2015-08-26T21:14:20,0.4,Partially cloudy,Becoming cloudy in the afternoon.,partly-cloudy-day,"71020599999,CXLC,71680099999,CYWE"
wekweti,2015-08-27,19,9,14.3,19,6.7,13.9,7.3,64.5,0,0,0,,0,0,44.6,31.7,158.9,1002.5,17.5,14,158,13.6,5,,2015-08-27T06:03:39,2015-08-27T21:10:47,0.43,Clear,Clear conditions throughout the day.,clear-day,"71020599999,CXLC,71680099999,CYWE"
wekweti,2015-08-28,13,6,10.5,13,2.1,9.5,8.2,85.3,0,0,0,,0,0,44.6,29.5,271.8,998.4,99.5,13.6,147.9,12.9,4,,2015-08-28T06:06:38,2015-08-28T21:07:14,0.47,Overcast,Cloudy skies throughout the day.,cloudy,"71020599999,CXLC,71680099999,CYWE"
wekweti,2015-08-29,13,4,7.9,13,1.6,6.8,4.7,81.5,0,0,0,,0,0,,16.5,325.5,1007.1,57.8,10.9,151.3,13.2,5,,2015-08-29T06:09:37,2015-08-29T21:03:41,0.5,Partially cloudy,Partly cloudy throughout the day.,partly-cloudy-day,"71020599999,CXLC,71680099999,CYWE"
wekweti,2015-08-30,16,8,12.3,16,5.8,11.9,9.2,81.6,0,0,0,,0,0,44.5,31.7,108.1,996.9,47.4,14,71.6,6.2,3,,2015-08-30T06:12:35,2015-08-30T21:00:07,0.53,Partially cloudy,Partly cloudy throughout the day.,partly-cloudy-day,"71020599999,CXLC,71680099999,CYWE"
wekweti,2015-08-31,19,12,14.3,19,12,14.3,10.1,77.5,0,0,0,,0,0,35.3,24.1,117.9,991.6,78.5,14,180.2,15.5,6,,2015-08-31T06:15:32,2015-08-31T20:56:34,0.57,Partially cloudy,Partly cloudy throughout the day.,partly-cloudy-day,"71020599999,CXLC,71680099999,CYWE"
wekweti,2015-09-01,16,8,11.8,16,6.8,11.5,5.9,68.9,0,0,0,,0,0,27.7,22.2,119.2,1000.8,46.4,14,185.6,16,5,,2015-09-01T06:18:29,2015-09-01T20:53:00,0.6,Partially cloudy,Partly cloudy throughout the day.,partly-cloudy-day,"71020599999,CXLC,71680099999,CYWE"
wekweti,2015-09-02,14,7,10.4,14,4.3,9.6,7.5,83.3,0,0,0,,0,0,27.7,18.4,55.9,1012,78.9,12.8,117.1,10.1,4,,2015-09-02T06:21:26,2015-09-02T20:49:26,0.64,Partially cloudy,Partly cloudy throughout the day.,partly-cloudy-day,"71020599999,CXLC,71680099999,CYWE"
wekweti,2015-09-03,11,6,8.6,11,3.8,6.7,4.2,75,1,100,4.17,rain,0,0,36.2,22.3,67.9,1021.5,70.3,13.8,125.1,10.6,4,,2015-09-03T06:24:22,2015-09-03T20:45:52,0.67,"Rain, Partially cloudy",Partly cloudy throughout the day with afternoon rain.,rain,"71020599999,CXLC,71680099999,CYWE"
wekweti,2015-09-04,11,2,6.9,11,-1.2,4.9,0.9,67.6,0,0,0,,0,0,29.5,20.5,112.3,1023.4,38.2,14,196.9,17.1,6,,2015-09-04T06:27:17,2015-09-04T20:42:18,0.71,Partially cloudy,Becoming cloudy in the afternoon.,partly-cloudy-day,"71020599999,CXLC,71680099999,CYWE"
wekweti,2015-09-05,12,5,8.7,12,1.8,7.1,2.8,67.7,0,0,0,,0,0,29.5,22.3,139.2,1020.7,56.8,14,129.2,11.3,5,,2015-09-05T06:30:13,2015-09-05T20:38:44,0.75,Partially cloudy,Partly cloudy throughout the day.,partly-cloudy-day,"71020599999,CXLC,71680099999,CYWE"
wekweti,2015-09-06,16,8,11.5,16,5.3,10.7,6.3,71.8,0,0,0,,0,0,46.1,22.3,154.3,1016.2,77.4,14,105.8,9.1,3,,2015-09-06T06:33:07,2015-09-06T20:35:10,0.77,Partially cloudy,Partly cloudy throughout the day.,partly-cloudy-day,"71020599999,CXLC,71680099999,CYWE"
wekweti,2015-09-07,11,7,8.7,11,4.3,7.5,5.8,82.2,0.8,100,4.17,rain,0,0,35.3,20.5,264.4,1013.3,100,13.2,55.3,4.7,2,,2015-09-07T06:36:02,2015-09-07T20:31:35,0.81,"Rain, Overcast",Cloudy skies throughout the day with afternoon rain.,rain,"71020599999,CXLC,71680099999,CYWE"
wekweti,2015-09-08,11,5,8,11,4.4,7.5,3.8,76.7,0,0,0,,0,0,,9.3,295.8,1014.6,83.6,14,151,12.9,5,,2015-09-08T06:38:56,2015-09-08T20:28:01,0.84,Partially cloudy,Partly cloudy throughout the day.,partly-cloudy-day,"71020599999,CXLC,71680099999,CYWE"
wekweti,2015-09-09,12,5,7.9,12,4,7.3,3.3,74.3,0,0,0,,0,0,,22.3,170.9,1013.5,48.1,14,169.4,14.5,5,,2015-09-09T06:41:50,2015-09-09T20:24:27,0.88,Partially cloudy,Partly cloudy throughout the day.,partly-cloudy-day,"71020599999,CXLC,71680099999,CYWE"
wekweti,2015-09-10,18,6,11.3,18,4.8,10.9,6,71.2,0,0,0,,0,0,31.8,22.3,164,1009.2,23.1,14,143.3,12.2,5,,2015-09-10T06:44:44,2015-09-10T20:20:52,0.91,Partially cloudy,Partly cloudy throughout the day.,partly-cloudy-day,"71020599999,CXLC,71680099999,CYWE"
wekweti,2015-09-11,15,7,11.1,15,5.6,10.7,7.9,81.2,0,0,0,,0,0,37.1,25.9,213.6,997.7,57.1,14,102.8,8.8,4,,2015-09-11T06:47:37,2015-09-11T20:17:18,0.95,Partially cloudy,Partly cloudy throughout the day.,partly-cloudy-day,"71020599999,CXLC,71680099999,CYWE"
wekweti,2015-09-12,10,3,7.5,10,-0.3,4.9,4.6,82.6,0,0,0,,0,0,37.1,27.7,0,1001.9,91.8,14,55.2,4.9,2,,2015-09-12T06:50:30,2015-09-12T20:13:43,0.98,Overcast,Cloudy skies throughout the day.,cloudy,"71020599999,CXLC,71680099999,CYWE"
wekweti,2015-09-13,3,-1,1,0.4,-5.2,-2.6,-3.8,70.9,0,0,0,,0,0,35.3,22.3,20,1013.2,98.5,14,150,13,5,,2015-09-13T06:53:23,2015-09-13T20:10:09,0,Overcast,Cloudy skies throughout the day.,cloudy,"71020599999,CXLC,71680099999,CYWE"
wekweti,2015-09-14,6,0,2.1,3.6,-4,-0.3,-4.7,61.6,0,0,0,,0,0,,16.5,259.5,1011.8,60.1,14,145,12.5,4,,2015-09-14T06:56:16,2015-09-14T20:06:34,0.05,Partially cloudy,Partly cloudy throughout the day.,partly-cloudy-day,"71020599999,CXLC,71680099999,CYWE"
wekweti,2015-09-15,11,1,6.3,11,-2.8,3.5,2.1,74.9,0,0,0,,0,0,44.6,29.5,164.3,1008.1,73.6,14,110.7,9.6,4,,2015-09-15T06:59:09,2015-09-15T20:03:00,0.08,Partially cloudy,Partly cloudy throughout the day.,partly-cloudy-day,"71020599999,CXLC,71680099999,CYWE"
wekweti,2015-09-16,14,6,9.8,14,2.1,8,4,68.5,0,0,0,,0,0,40.7,31.6,176.1,1006,50,14,118.6,10.1,4,,2015-09-16T07:02:01,2015-09-16T19:59:26,0.12,Partially cloudy,Partly cloudy throughout the day.,partly-cloudy-day,"71020599999,CXLC,71680099999,CYWE"
wekweti,2015-09-17,13,6,8.8,13,2.3,7.4,4,72.6,0,0,0,,0,0,38.9,20.5,159.7,1005.5,51.4,14,98.6,8.6,4,,2015-09-17T07:04:54,2015-09-17T19:55:51,0.15,Partially cloudy,Partly cloudy throughout the day.,partly-cloudy-day,"71020599999,CXLC,71680099999,CYWE"
wekweti,2015-09-18,14,5,9,14,2.1,7.6,3,67.9,0,0,0,,0,0,37.1,25.9,142.6,1001.6,19.8,14,88.9,7.6,3,,2015-09-18T07:07:46,2015-09-18T19:52:17,0.18,Clear,Clear conditions throughout the day.,clear-day,"71020599999,CXLC,71680099999,CYWE"
wekweti,2015-09-19,10,4,6.8,6.3,-2.1,2.5,3.1,77.5,0,0,0,,0,0,61,42.4,98.6,992.3,80,13.9,27.2,2.3,1,,2015-09-19T07:10:38,2015-09-19T19:48:43,0.22,Partially cloudy,Partly cloudy throughout the day.,partly-cloudy-day,"71020599999,CXLC,71680099999,CYWE"
wekweti,2015-09-20,5,1,3.8,1,-1.9,-0.8,0.5,79.9,0,0,0,,0,0,51.7,37,48.8,998.9,97.4,14,98.1,8.5,3,,2015-09-20T07:13:31,2015-09-20T19:45:09,0.25,Overcast,Cloudy skies throughout the day.,cloudy,"71020599999,CXLC,71680099999,CYWE"
wekweti,2015-09-21,5,-1,1.8,1.3,-4.3,-1.7,-3.5,68.4,0,0,0,,0,0,35.3,22.3,5.1,1013.2,61.6,14,141.4,12.4,5,,2015-09-21T07:16:23,2015-09-21T19:41:35,0.25,Partially cloudy,Partly cloudy throughout the day.,partly-cloudy-day,"71020599999,CXLC,71680099999,CYWE"
wekweti,2015-09-22,3,-1,1.5,3,-5.2,-0.6,-1.4,81.3,0,0,0,,0,0,,14.7,44,1020.6,85.6,14,106.2,9,4,,2015-09-22T07:19:15,2015-09-22T19:38:01,0.32,Partially cloudy,Partly cloudy throughout the day.,partly-cloudy-day,"71020599999,CXLC,71680099999,CYWE"
wekweti,2015-09-23,7,2,4,4.9,-1.2,1.4,-1.3,69.5,0,0,0,,0,0,33.5,22.3,110.5,1022.9,70.7,14,112,9.6,4,,2015-09-23T07:22:08,2015-09-23T19:34:27,0.35,Partially cloudy,Partly cloudy throughout the day.,partly-cloudy-day,"71020599999,CXLC,71680099999,CYWE"
wekweti,2015-09-24,7,3,5,5.6,-1.2,1.9,2.8,85.7,0,0,0,,0,0,35.3,22.3,111.1,1016.4,100,14,50.7,4.4,2,,2015-09-24T07:25:01,2015-09-24T19:30:53,0.39,Overcast,Cloudy skies throughout the day.,cloudy,"71020599999,CXLC,71680099999,CYWE"
wekweti,2015-09-25,8,1,5.3,4.5,-6.1,0.9,3.9,90.9,0.5,100,4.17,rain,0,0,55.4,40.6,191.2,999.7,100,12.8,28.9,2.5,1,,2015-09-25T07:27:53,2015-09-25T19:27:20,0.42,"Rain, Overcast",Cloudy skies throughout the day with afternoon rain.,rain,"71020599999,CXLC,71680099999,CYWE"
wekweti,2015-09-26,3,0,1.9,-3.3,-7.4,-4.9,-2.1,75.5,0,0,0,,0,0,68.2,51.7,258.7,990.3,93.4,12.7,117.1,10.1,4,,2015-09-26T07:30:46,2015-09-26T19:23:46,0.45,Overcast,Cloudy skies throughout the day.,wind,"71020599999,CXLC,71680099999,CYWE"
wekweti,2015-09-27,0,-4,-1.6,-6.4,-10,-7.9,-4.7,80,0,0,0,,0,0,50.1,35.3,322.1,1002.1,100,11.6,68.8,5.9,2,,2015-09-27T07:33:40,2015-09-27T19:20:13,0.5,Overcast,Cloudy skies throughout the day.,cloudy,"71020599999,CXLC,71680099999,CYWE"
wekweti,2015-09-28,1,-7,-2.7,-3,-10.8,-6.9,-7.7,69.1,0,0,0,,0,0,37.1,24.1,178.4,1014.3,18.8,14,123.4,10.7,4,,2015-09-28T07:36:33,2015-09-28T19:16:40,0.52,Clear,Clear conditions throughout the day.,clear-day,"71020599999,CXLC,71680099999,CYWE"
wekweti,2015-09-29,4,-2,1,0.3,-7.8,-3.7,-1.5,83.2,0,0,0,,0,0,38.9,22.3,149.3,1006.8,74.7,14,59.9,5.3,2,,2015-09-29T07:39:27,2015-09-29T19:13:07,0.55,Partially cloudy,Partly cloudy throughout the day.,partly-cloudy-day,"71020599999,CXLC,71680099999,CYWE"
wekweti,2015-09-30,16,4,9.8,16,-0.7,8.1,4.8,72.7,0,0,0,,0,0,37.1,24.2,192,997.9,34.2,14,45,3.8,2,,2015-09-30T07:42:21,2015-09-30T19:09:34,0.59,Partially cloudy,Becoming cloudy in the afternoon.,partly-cloudy-day,"71020599999,CXLC,71680099999,CYWE"
wekweti,2015-10-01,10,1,3.5,10,-3.4,0.5,-1,72.8,0,0,0,,0,0,37.1,18.3,9.5,1019,29.8,14,58.9,5,3,,2015-10-01T07:45:15,2015-10-01T19:06:01,0.62,Partially cloudy,Partly cloudy throughout the day.,partly-cloudy-day,"71020599999,CXLC,71680099999,CYWE"
wekweti,2015-10-02,3,-2,0.9,0.5,-5.5,-2.4,-3.7,71.8,0,0,0,,0,0,35.3,20.5,34,1031.4,74.1,14,68.8,5.8,3,,2015-10-02T07:48:09,2015-10-02T19:02:29,0.66,Partially cloudy,Partly cloudy throughout the day.,partly-cloudy-day,"71020599999,CXLC,71680099999,CYWE"
wekweti,2015-10-03,3,-3,0.4,0.4,-6.4,-3,-2.9,79,0,0,0,,0,0,31.3,22.3,187.8,1031.4,77.8,14,67.8,5.9,2,,2015-10-03T07:51:04,2015-10-03T18:58:57,0.69,Partially cloudy,Partly cloudy throughout the day.,partly-cloudy-day,"71020599999,CXLC,71680099999,CYWE"
wekweti,2015-10-04,4,1,1.9,1.2,-4.5,-1.8,-0.1,87.1,0,0,0,,0,0,35.3,24.1,164.4,1019.8,100,14,50.4,4.5,2,,2015-10-04T07:54:00,2015-10-04T18:55:25,0.75,Overcast,Cloudy skies throughout the day.,cloudy,"71020599999,CXLC,71680099999,CYWE"
wekweti,2015-10-05,2,0,1,0,-4.7,-2.5,0,93.2,0,0,0,,0,0,37.1,25.8,310.8,1014.6,98.5,13.1,73,6.3,3,,2015-10-05T07:56:56,2015-10-05T18:51:53,0.76,Overcast,Cloudy skies throughout the day.,cloudy,"71020599999,CXLC,71680099999,CYWE"
wekweti,2015-10-06,3,-1,1,-1,-4.8,-2.6,-0.2,91.4,0,0,0,,0,0,31.3,25.9,271.7,1015.5,99.5,11.8,45,3.8,2,,2015-10-06T07:59:52,2015-10-06T18:48:22,0.79,Overcast,Cloudy skies throughout the day.,cloudy,"71020599999,CXLC,71680099999,CYWE"
wekweti,2015-10-07,-1,-9,-3.8,-4.3,-13.8,-8.2,-6.1,84.5,0,0,0,,0,0,37,20.5,3.4,1015.5,68.4,10.6,91.8,7.8,3,,2015-10-07T08:02:49,2015-10-07T18:44:51,0.82,Partially cloudy,Partly cloudy throughout the day.,partly-cloudy-day,"71020599999,CXLC,71680099999,CYWE"
wekweti,2015-10-08,-5,-10,-7.8,-6,-15,-11.6,-10.6,80.4,0,0,0,,0,0,,13,330.9,1023.7,54.7,13.6,92.5,7.9,3,,2015-10-08T08:05:46,2015-10-08T18:41:20,0.86,Partially cloudy,Partly cloudy throughout the day.,partly-cloudy-day,"71020599999,CXLC,71680099999,CYWE"
wekweti,2015-10-09,-4,-9,-6,-8,-13.8,-10.7,-8.7,81,0,0,0,,0,0,,20.5,106.3,1013.2,85,14,48,3.9,2,,2015-10-09T08:08:44,2015-10-09T18:37:50,0.89,Partially cloudy,Partly cloudy throughout the day.,partly-cloudy-day,"71020599999,CXLC,71680099999,CYWE"
wekweti,2015-10-10,-2,-4,-3.2,-6.8,-10,-8.9,-5.2,86.5,0,0,0,,0,0,37.1,25.9,60.5,994.9,99.5,12.7,45.5,3.9,2,,2015-10-10T08:11:42,2015-10-10T18:34:20,0.92,Overcast,Cloudy skies throughout the day.,cloudy,"71020599999,CXLC,71680099999,CYWE"
wekweti,2015-10-11,-4,-8,-6.3,-8.9,-14.4,-11.9,-10,75.4,0,0,0,,0,0,35.3,22.3,38.4,1007.1,100,13.8,82.8,7,3,,2015-10-11T08:14:41,2015-10-11T18:30:50,0.96,Overcast,Cloudy skies throughout the day.,cloudy,"71020599999,CXLC,71680099999,CYWE"
wekweti,2015-10-12,-6,-9,-7.5,-12.5,-17,-14.6,-11,76.3,0,0,0,,0,0,40.6,25.9,103.1,1009.4,90.7,13.5,64.2,5.5,2,,2015-10-12T08:17:41,2015-10-12T18:27:21,0,Overcast,Cloudy skies throughout the day.,cloudy,"71020599999,CXLC,71680099999,CYWE"
wekweti,2015-10-13,-3,-7,-5.2,-7.2,-14.1,-10.8,-7.2,86,0,0,0,,0,0,27.7,20.5,87.9,1002.3,100,12.1,39.1,3.4,2,,2015-10-13T08:20:41,2015-10-13T18:23:52,0.03,Overcast,Cloudy skies throughout the day.,cloudy,"71020599999,CXLC,71680099999,CYWE"
wekweti,2015-10-14,-6,-11,-8.2,-7,-18.6,-14.1,-10.1,86.4,0,0,0,,0,0,33.5,25.9,87.3,1017.9,100,13.3,61.8,5.4,3,,2015-10-14T08:23:42,2015-10-14T18:20:23,0.06,Overcast,Cloudy skies throughout the day.,cloudy,"71020599999,CXLC,71680099999,CYWE"
wekweti,2015-10-15,-1,-6,-3.2,-4.8,-11.3,-8.1,-4.6,89.8,0,0,0,,0,0,27.7,24.1,255.6,1025.7,99.5,12.7,53.4,4.5,2,,2015-10-15T08:26:43,2015-10-15T18:16:55,0.09,Overcast,Cloudy skies throughout the day.,cloudy,"71020599999,CXLC,71680099999,CYWE"
wekweti,2015-10-16,1,-2,-1,1,-6.4,-3.5,-2.5,90,0,0,0,,0,0,,12.9,169.9,1024.2,80.9,14,55,4.5,3,,2015-10-16T08:29:45,2015-10-16T18:13:28,0.13,Partially cloudy,Partly cloudy throughout the day.,partly-cloudy-day,"71020599999,CXLC,71680099999,CYWE"
wekweti,2015-10-17,1.1,-2,0.1,-1.9,-6.8,-4.3,-0.7,94.1,0.8,100,4.17,"rain,snow",0,0,33.3,22.3,84.9,1008.2,100,11.5,22.7,1.9,1,,2015-10-17T08:32:48,2015-10-17T18:10:01,0.16,"Snow, Rain, Overcast",Cloudy skies throughout the day with afternoon rain or snow.,rain,"71020599999,CXLC,71680099999,CYWE"
wekweti,2015-10-18,1,-10,-3.8,-2.4,-18.9,-10.1,-5.7,87.2,0,0,0,,0,0,42.4,29.5,62.5,1005.5,92.5,12.1,47,4,2,,2015-10-18T08:35:51,2015-10-18T18:06:34,0.2,Overcast,Cloudy skies throughout the day.,cloudy,"71020599999,CXLC,71680099999,CYWE"
wekweti,2015-10-19,-5,-12,-9.1,-11.3,-20.8,-16.3,-12,79.8,0,0,0,,0,0,33.4,24.1,116.8,1019,58.3,14,48.8,4.3,2,,2015-10-19T08:38:55,2015-10-19T18:03:08,0.23,Partially cloudy,Partly cloudy throughout the day.,partly-cloudy-day,"71020599999,CXLC,71680099999,CYWE"
wekweti,2015-10-20,-3,-7,-5.2,-3,-12,-7.9,-7.7,82.7,0,0,0,,0,0,,14.7,90.8,1016.4,99.5,14,49.5,4.3,2,,2015-10-20T08:42:00,2015-10-20T17:59:43,0.25,Overcast,Cloudy skies throughout the day.,cloudy,"71020599999,CXLC,71680099999,CYWE"
wekweti,2015-10-21,-4,-5,-4.5,-8.4,-11.9,-10.2,-6.5,85.8,0,0,0,,0,0,33.5,24.1,100.4,1015.6,88.1,14,33.6,2.7,2,,2015-10-21T08:45:06,2015-10-21T17:56:18,0.3,Partially cloudy,Partly cloudy throughout the day.,partly-cloudy-day,"71020599999,CXLC,71680099999,CYWE"
wekweti,2015-10-22,-3,-7,-4.8,-6.7,-13.7,-10.6,-6.2,89.9,0,0,0,,0,0,40.7,25.9,32.6,1003.1,100,10.6,27.7,2.3,1,,2015-10-22T08:48:12,2015-10-22T17:52:54,0.34,Overcast,Cloudy skies throughout the day.,cloudy,"71020599999,CXLC,71680099999,CYWE"
wekweti,2015-10-23,-5,-15,-7.5,-9.1,-24.2,-13.6,-10.1,81.9,0,0,0,,0,0,38.9,25.9,26.5,1017.1,88.6,13.4,45.6,4,2,,2015-10-23T08:51:19,2015-10-23T17:49:30,0.37,Partially cloudy,Partly cloudy throughout the day.,partly-cloudy-day,"71020599999,CXLC,71680099999,CYWE"
wekweti,2015-10-24,-15,-21,-18,-20,-28.3,-25,-20.2,82.6,0,0,0,,0,0,33.5,16.6,67.2,1029.6,16.6,14,50.2,4.2,2,,2015-10-24T08:54:27,2015-10-24T17:46:07,0.41,Clear,Clear conditions throughout the day.,clear-day,"71020599999,CXLC,71680099999,CYWE"
wekweti,2015-10-25,-8,-21,-14.6,-8,-28,-17.6,-16.2,87.7,0,0,0,,0,0,,11.1,101.3,1027.5,95.3,11,34.6,3,2,,2015-10-25T08:57:35,2015-10-25T17:42:45,0.44,Overcast,Cloudy skies throughout the day.,cloudy,"71020599999,CXLC,71680099999,CYWE"
wekweti,2015-10-26,-6,-11,-7.7,-7,-16.8,-12.1,-8.9,91.4,0,0,0,,0,0,,13,117.5,1020.2,93.5,10.5,11.8,1,1,,2015-10-26T09:00:44,2015-10-26T17:39:24,0.47,Overcast,Cloudy skies throughout the day.,cloudy,"71020599999,CXLC,71680099999,CYWE"
wekweti,2015-10-27,-6,-13,-8.2,-6,-17.4,-10.8,-9.2,91.9,0,0,0,,0,0,,13,328.5,1019.1,77.1,11.3,43.9,3.7,2,,2015-10-27T09:03:54,2015-10-27T17:36:03,0.5,Partially cloudy,Partly cloudy throughout the day.,partly-cloudy-day,"71020599999,CXLC,71680099999,CYWE"
wekweti,2015-10-28,-6,-9,-7.4,-11.4,-15,-12.7,-8.7,90.8,0,0,0,,0,0,40.7,25.8,97,1014.3,97.9,12,28.3,2.3,2,,2015-10-28T09:07:05,2015-10-28T17:32:44,0.54,Overcast,Cloudy skies throughout the day.,cloudy,"71020599999,CXLC,71680099999,CYWE"
wekweti,2015-10-29,-7,-9,-8.2,-13.4,-17,-15.4,-10.3,84.9,0,0,0,,0,0,38.9,24.1,93.9,1001.7,95.4,9.3,12.6,1.1,1,,2015-10-29T09:10:16,2015-10-29T17:29:25,0.57,Overcast,Cloudy skies throughout the day.,cloudy,"71020599999,CXLC,71680099999,CYWE"
wekweti,2015-10-30,-7,-10,-8.1,-10.8,-14.9,-13.4,-9.8,87.6,0,0,0,,0,0,,14.7,68.9,995.7,100,13.5,29.9,2.6,1,,2015-10-30T09:13:28,2015-10-30T17:26:07,0.61,Overcast,Cloudy skies throughout the day.,cloudy,"71020599999,CXLC,71680099999,CYWE"
wekweti,2015-10-31,-9,-16,-11.4,-10,-20.1,-13.7,-13.1,87.6,0,0,0,,0,0,,7.6,304.9,1003.9,95.9,13.3,28,2.4,1,,2015-10-31T09:16:40,2015-10-31T17:22:50,0.64,Overcast,Cloudy skies throughout the day.,cloudy,"71020599999,CXLC,71680099999,CYWE"
wekweti,2015-11-01,-10,-25,-14.5,-13,-29.1,-19,-16.7,83.4,0,0,0,,8,4.8,,13,6.3,1013,66.2,13.2,28.6,2.5,1,,2015-11-01T08:19:53,2015-11-01T16:19:34,0.67,Partially cloudy,Partly cloudy throughout the day.,snow,"71020599999,CXLC,71680099999,CYWE"
wekweti,2015-11-02,-16,-28.9,-21.7,-16,-34.8,-26.3,-24.3,79.9,0,0,0,,0.6,8.2,,11.1,55.8,1017.3,45.1,14,29.8,2.5,2,,2015-11-02T08:23:07,2015-11-02T16:16:19,0.71,Partially cloudy,Partly cloudy throughout the day.,snow,"71020599999,CXLC,71680099999,CYWE"
wekweti,2015-11-03,-7,-15,-10.1,-7,-16.5,-11,-11.5,90,0,0,0,,0.4,8.9,,9.4,108.9,1015.3,100,9.7,23.7,2.1,1,,2015-11-03T08:26:21,2015-11-03T16:13:05,0.75,Overcast,Cloudy skies throughout the day.,snow,"71020599999,CXLC,71680099999,CYWE"
wekweti,2015-11-04,-7,-18.9,-9.2,-8,-21.1,-10.8,-10.2,92.4,0,0,0,,0,8.6,,7.5,75.2,1013.3,92.3,12.3,25.5,2.1,1,,2015-11-04T08:29:36,2015-11-04T16:09:52,0.77,Overcast,Cloudy skies throughout the day.,cloudy,"71020599999,CXLC,71680099999,CYWE"
wekweti,2015-11-05,-10,-19,-14.1,-11,-22.2,-16.8,-15.8,87,0,0,0,,2,7.8,,11.1,254.8,1018.6,94.9,12.9,16.7,1.5,1,,2015-11-05T08:32:51,2015-11-05T16:06:41,0.8,Overcast,Cloudy skies throughout the day.,snow,"71020599999,CXLC,71680099999,CYWE"
wekweti,2015-11-06,-6,-17,-9.7,-12.1,-22.8,-16.3,-11.1,89.7,0,0,0,,1.2,9.8,51.8,33.4,139.4,1007.8,100,13,21.4,1.8,1,,2015-11-06T08:36:07,2015-11-06T16:03:31,0.84,Overcast,Cloudy skies throughout the day.,snow,"71020599999,CXLC,71680099999,CYWE"
wekweti,2015-11-07,-6,-15,-8,-9.6,-23.3,-14,-9.7,88.2,0,0,0,,1.2,10.4,33.5,22.3,65.9,996.3,83.3,9.2,18.5,1.6,1,,2015-11-07T08:39:23,2015-11-07T16:00:22,0.87,Partially cloudy,Partly cloudy throughout the day.,snow,"71020599999,CXLC,71680099999,CYWE"
wekweti,2015-11-08,-16,-23,-20.2,-23.5,-32,-28.4,-22.6,81.1,0,0,0,,0.7,11.9,31.7,18.3,63.1,1020.1,25.7,14,20,1.8,1,,2015-11-08T08:42:39,2015-11-08T15:57:15,0.9,Partially cloudy,Becoming cloudy in the afternoon.,snow,"71020599999,CXLC,71680099999,CYWE"
wekweti,2015-11-09,-5,-21,-11.4,-12.4,-28.8,-19.1,-12.9,88.3,0,0,0,,0,11.6,42.5,33.4,150.3,1012.5,100,10.8,15,1.3,1,,2015-11-09T08:45:56,2015-11-09T15:54:09,0.94,Overcast,Cloudy skies throughout the day.,cloudy,"71020599999,CXLC,71680099999,CYWE"
wekweti,2015-11-10,-2,-5,-4,-6.7,-12.7,-9.6,-5,92.9,0,0,0,,0,10.1,42.5,27.7,164.4,995.7,100,13.6,14.1,1.2,1,,2015-11-10T08:49:12,2015-11-10T15:51:04,0.97,Overcast,Cloudy skies throughout the day.,cloudy,"71020599999,CXLC,71680099999,CYWE"
wekweti,2015-11-11,-2,-8,-4,-2,-17.5,-9.7,-5,93.1,1.3,100,8.33,snow,3.2,11,57.5,37.1,342.9,982.8,100,5,18.6,1.5,1,,2015-11-11T08:52:29,2015-11-11T15:48:02,0,"Snow, Overcast",Cloudy skies throughout the day with snow clearing later.,snow,"71020599999,CXLC,71680099999,CYWE"
wekweti,2015-11-12,-7,-12,-9.3,-12,-19.6,-16.3,-11.2,86.7,0,0,0,,3.1,15.1,55.4,33.5,278.8,995.6,69.9,11.7,16,1.4,1,,2015-11-12T08:55:46,2015-11-12T15:45:01,0.04,Partially cloudy,Partly cloudy throughout the day.,snow,"71020599999,CXLC,71680099999,CYWE"
wekweti,2015-11-13,-3,-11,-6.2,-7.2,-19.2,-12.7,-7.5,90.6,0,0,0,,0.7,16.7,35.3,25.9,221.4,985,100,11,12.9,1.1,1,,2015-11-13T08:59:03,2015-11-13T15:42:01,0.07,Overcast,Cloudy skies throughout the day.,snow,"71020599999,CXLC,71680099999,CYWE"
wekweti,2015-11-14,-11,-18,-14.1,-12,-25.9,-19.4,-15.9,86.3,0,0,0,,0,16.1,,16.5,10.4,1004.2,82.3,13.6,14.9,1.3,1,,2015-11-14T09:02:19,2015-11-14T15:39:04,0.11,Partially cloudy,Partly cloudy throughout the day.,partly-cloudy-day,"71020599999,CXLC,71680099999,CYWE"
wekweti,2015-11-15,-13,-18,-15.2,-16.6,-25.9,-22,-16.9,86.8,0,0,0,,0,15.8,,18.3,77.1,1016.3,100,14,11.1,0.8,1,,2015-11-15T09:05:36,2015-11-15T15:36:09,0.14,Overcast,Cloudy skies throughout the day.,cloudy,"71020599999,CXLC,71680099999,CYWE"
wekweti,2015-11-16,-13,-19,-16.6,-20.8,-29.7,-25.6,-19,81.9,0,0,0,,0.6,15.3,33.5,24.1,59.9,1010.9,46.9,11.6,7.9,0.7,1,,2015-11-16T09:08:51,2015-11-16T15:33:16,0.18,Partially cloudy,Becoming cloudy in the afternoon.,snow,"71020599999,CXLC,71680099999,CYWE"
wekweti,2015-11-17,-14,-25,-20,-19,-31.8,-26.8,-22.3,82,0,0,0,,0.4,15.7,29.5,20.4,269.4,998.4,38.7,11.4,13.1,1.1,1,,2015-11-17T09:12:07,2015-11-17T15:30:25,0.21,Partially cloudy,Partly cloudy throughout the day.,snow,"71020599999,CXLC,71680099999,CYWE"
wekweti,2015-11-18,-11,-14,-12,-18.7,-22.7,-20.7,-13.8,86.6,0,0,0,,0,15.1,38.9,27.6,271.8,1007.4,99.5,13.9,10.8,0.9,1,,2015-11-18T09:15:21,2015-11-18T15:27:36,0.25,Overcast,Cloudy skies throughout the day.,cloudy,"71020599999,CXLC,71680099999,CYWE"
wekweti,2015-11-19,-14,-20,-17.9,-21.6,-28.8,-26.2,-20,84.1,0,0,0,,0.6,15.2,,18.3,264.4,1017.2,77.7,14,10.6,0.9,1,,2015-11-19T09:18:35,2015-11-19T15:24:50,0.28,Partially cloudy,Partly cloudy throughout the day.,snow,"71020599999,CXLC,71680099999,CYWE"
wekweti,2015-11-20,-15,-22,-18.5,-22.8,-31.4,-26.6,-20.8,82.2,0,0,0,,1,16.1,37.1,24.1,174.5,1016.8,93.3,13.5,13.1,1,1,,2015-11-20T09:21:48,2015-11-20T15:22:07,0.32,Overcast,Cloudy skies throughout the day.,snow,"71020599999,CXLC,71680099999,CYWE"
wekweti,2015-11-21,-11,-15,-13.1,-12,-24.2,-18.5,-14.7,88,0,0,0,,0.4,16.9,,20.5,176.7,1001.8,100,7,8.4,0.8,1,,2015-11-21T09:25:00,2015-11-21T15:19:26,0.35,Overcast,Cloudy skies throughout the day.,snow,"71020599999,CXLC,71680099999,CYWE"
wekweti,2015-11-22,-13,-28,-17.8,-16.6,-34.9,-23.4,-19.8,84.3,0,0,0,,0,17,,12.9,351.4,1011.3,60.4,11.3,9,0.8,1,,2015-11-22T09:28:11,2015-11-22T15:16:48,0.39,Partially cloudy,Partly cloudy throughout the day.,partly-cloudy-day,"71020599999,CXLC,71680099999,CYWE"
wekweti,2015-11-23,-20,-32,-26.4,-24,-40,-30.4,-29.3,76.1,0,0,0,,0,17,,9.3,23.7,1025.5,66.8,12.8,6,0.5,0,,2015-11-23T09:31:20,2015-11-23T15:14:13,0.42,Partially cloudy,Partly cloudy throughout the day.,partly-cloudy-day,"71020599999,CXLC,71680099999,CYWE"
wekweti,2015-11-24,-16,-21,-17.7,-18,-28.8,-23.5,-19.8,83.8,0,0,0,,0,16.6,,14.7,240.3,1025.1,80.3,12.9,6.7,0.6,0,,2015-11-24T09:34:27,2015-11-24T15:11:42,0.46,Partially cloudy,Partly cloudy throughout the day.,partly-cloudy-day,"71020599999,CXLC,71680099999,CYWE"
wekweti,2015-11-25,-14,-24,-18.6,-17.7,-31.6,-22.7,-20.8,82.5,0,0,0,,2,15.8,29.5,20.5,200.5,1020.8,58.6,11.2,7.1,0.7,1,,2015-11-25T09:37:33,2015-11-25T15:09:14,0.5,Partially cloudy,Clearing in the afternoon.,snow,"71020599999,CXLC,71680099999,CYWE"
wekweti,2015-11-26,-10,-19,-12.2,-11,-24.8,-16.5,-13.7,88,0,0,0,,1.2,6.6,27.7,16.5,171.2,1014.8,99.5,13.7,7.3,0.6,1,,2015-11-26T09:40:36,2015-11-26T15:06:49,0.53,Overcast,Cloudy skies throughout the day.,snow,"71020599999,CXLC,71680099999,CYWE"
wekweti,2015-11-27,-6,-11,-8.8,-11.3,-17.4,-14.6,-9.8,92.2,0,0,0,,0,0,31.7,20.5,270,1014.8,99.5,10.2,7.2,0.8,1,,2015-11-27T09:43:37,2015-11-27T15:04:28,0.56,Overcast,Cloudy skies throughout the day.,cloudy,"71020599999,CYWE"
wekweti,2015-11-28,-9,-14,-12,-10,-21.6,-17.4,-13.5,89.3,0,0,0,,0,0,,14.8,96.2,1015.2,89.6,12.4,5.6,0.4,0,,2015-11-28T09:46:36,2015-11-28T15:02:12,0.59,Partially cloudy,Partly cloudy throughout the day.,partly-cloudy-day,"71020599999,CYWE"
wekweti,2015-11-29,-8,-13,-10.3,-12,-18.6,-15.4,-11.6,90.6,0,0,0,,0,0,27.7,18.4,253.4,1008.6,88.6,9.2,5.5,0.4,0,,2015-11-29T09:49:32,2015-11-29T14:59:59,0.62,Partially cloudy,Partly cloudy throughout the day.,partly-cloudy-day,"71020599999,CYWE"
wekweti,2015-11-30,-8,-15,-10.3,-12.6,-23.8,-17.3,-11.6,90.6,0,0,0,,0,0,29.5,20.5,73.9,1002.6,97.9,12.5,4.2,0.3,0,,2015-11-30T09:52:24,2015-11-30T14:57:51,0.66,Overcast,Cloudy skies throughout the day.,cloudy,"71020599999,CYWE"
wekweti,2015-12-01,-15,-24,-20.2,-20.9,-34.5,-28.8,-22.7,80.4,0,0,0,,0,0,29.5,20.5,65.2,1013.4,70.6,11.7,4.8,0.3,0,,2015-12-01T09:55:14,2015-12-01T14:55:48,0.69,Partially cloudy,Partly cloudy throughout the day.,partly-cloudy-day,"71020599999,CYWE"
wekweti,2015-12-02,-17,-18,-17.2,-24.1,-27.5,-25.8,-19.2,84.1,0,0,0,,0,0,27.7,20.5,70.8,1005.7,100,12.1,5.2,0.3,0,,2015-12-02T09:58:00,2015-12-02T14:53:49,0.72,Overcast,Cloudy skies throughout the day.,cloudy,"71020599999,CYWE"
wekweti,2015-12-03,-18,-19,-18.5,-23.4,-27.7,-25.8,-20.7,83.1,0,0,0,,0,0,,16.6,74.4,1008.2,99.5,11.3,3.9,0.3,0,,2015-12-03T10:00:41,2015-12-03T14:51:56,0.75,Overcast,Cloudy skies throughout the day.,cloudy,"71020599999,CYWE"
wekweti,2015-12-04,-16,-20,-18.5,-25,-30,-27.7,-21,80.7,0,0,0,,0,0,37.1,25.9,62.8,1010.4,99.5,13.6,3,0.3,0,,2015-12-04T10:03:19,2015-12-04T14:50:08,0.79,Overcast,Cloudy skies throughout the day.,cloudy,"71020599999,CYWE"
wekweti,2015-12-05,-16,-19,-17.5,-23.6,-28.3,-26.3,-20.4,78.6,0,0,0,,0,0,37.1,27.7,68.6,1011.6,76.2,14,3.8,0.3,0,,2015-12-05T10:05:52,2015-12-05T14:48:26,0.82,Partially cloudy,Partly cloudy throughout the day.,partly-cloudy-day,"71020599999,CYWE"
wekweti,2015-12-06,-14,-22,-18.5,-16,-30.1,-24.2,-20.7,82.5,0,0,0,,0,0,,14.8,77.1,1012.2,84.5,12.8,3.3,0.3,0,,2015-12-06T10:08:20,2015-12-06T14:46:49,0.85,Partially cloudy,Partly cloudy throughout the day.,partly-cloudy-day,"71020599999,CYWE"
wekweti,2015-12-07,-14,-17,-15.7,-20.4,-25.8,-23.7,-17.9,83.2,0,0,0,,0,0,29.5,20.5,73.4,1001.9,100,12.5,2.8,0.3,0,,2015-12-07T10:10:43,2015-12-07T14:45:19,0.88,Overcast,Cloudy skies throughout the day.,cloudy,"71020599999,CYWE"
wekweti,2015-12-08,-16,-28,-19.7,-16,-39.5,-26.9,-22.3,79.7,0,0,0,,0,0,,18.4,51.2,1002.1,58,10.9,3.1,0.3,0,,2015-12-08T10:13:00,2015-12-08T14:43:56,0.91,Partially cloudy,Partly cloudy throughout the day.,partly-cloudy-day,"71020599999,CYWE,remote"
wekweti,2015-12-09,-20,-29,-23.7,-30,-41.3,-35,-26.5,77.9,0,0,0,,0,0,33.5,25.9,81.2,1006.7,89,13.1,3.4,0.3,0,,2015-12-09T10:15:12,2015-12-09T14:42:39,0.95,Partially cloudy,Partly cloudy throughout the day.,partly-cloudy-day,"71020599999,CYWE,remote"
wekweti,2015-12-10,-14,-20,-15.7,-21.6,-30.1,-24.6,-18,82,0,0,0,,0,0,31.7,24.1,104.1,1008.6,100,12.3,1.3,0,0,,2015-12-10T10:17:17,2015-12-10T14:41:29,0.98,Overcast,Cloudy skies throughout the day.,cloudy,"71020599999,CYWE"
wekweti,2015-12-11,-15,-18,-16.4,-20.1,-25.3,-23.1,-18.9,81.1,0,0,0,,0,0,,14.8,98.7,1015.3,97.9,10.7,2.4,0.3,0,,2015-12-11T10:19:16,2015-12-11T14:40:27,0,Overcast,Cloudy skies throughout the day.,cloudy,"71020599999,CYWE"
wekweti,2015-12-12,-8,-15,-11.6,-14.6,-20.9,-18.1,-13.2,87.8,0,0,0,,0,0,27.7,18.4,94.8,1014.7,100,13.3,2.3,0.2,0,,2015-12-12T10:21:08,2015-12-12T14:39:32,0.05,Overcast,Cloudy skies throughout the day.,cloudy,"71020599999,CYWE"
wekweti,2015-12-13,-8,-10,-9.3,-10.9,-17.5,-15,-10.6,90.4,0,0,0,,0,0,31.7,20.5,107,1011.4,100,13.5,2.1,0.1,0,,2015-12-13T10:22:52,2015-12-13T14:38:46,0.08,Overcast,Cloudy skies throughout the day.,cloudy,"71020599999,CYWE"
wekweti,2015-12-14,-6,-12,-7.1,-7,-19.6,-11.6,-8,93.2,0,0,0,,0,0,27.7,18.4,176.3,1009.5,100,11,2.4,0.2,0,,2015-12-14T10:24:29,2015-12-14T14:38:07,0.12,Overcast,Cloudy skies throughout the day.,cloudy,"71020599999,CYWE"
wekweti,2015-12-15,-9,-12,-10.6,-9,-20.5,-15.4,-11.7,91.5,0,0,0,,0,0,31.7,20.5,331.5,1005.4,100,4.9,2.6,0.3,0,,2015-12-15T10:25:59,2015-12-15T14:37:36,0.16,Overcast,Cloudy skies throughout the day.,cloudy,"71020599999,CYWE"
wekweti,2015-12-16,-10,-21,-17.7,-18.3,-32.7,-27.9,-20.5,79.1,0,0,0,,0,0,44.6,29.5,34.6,1017.6,100,10.8,1.6,0.1,0,,2015-12-16T10:27:20,2015-12-16T14:37:14,0.19,Overcast,Cloudy skies throughout the day.,cloudy,"71020599999,CYWE"
wekweti,2015-12-17,-21,-24,-21.9,-27.1,-35,-31.2,-25.3,73.6,0,0,0,,0,0,31.7,20.5,63.4,1026.4,99.5,14,2.3,0.3,0,,2015-12-17T10:28:34,2015-12-17T14:37:01,0.23,Overcast,Cloudy skies throughout the day.,cloudy,"71020599999,CYWE"
wekweti,2015-12-18,-21,-30,-25.5,-29.3,-43.7,-35,-28.7,74.5,0,0,0,,0,0,,22.3,74,1025.3,57.8,14,2.3,0.2,0,,2015-12-18T10:29:38,2015-12-18T14:36:57,0.25,Partially cloudy,Clearing in the afternoon.,partly-cloudy-day,"71020599999,CYWE"
wekweti,2015-12-19,-21,-27,-22.9,-29.6,-38.8,-31.9,-25.6,78.8,0,0,0,,0,0,,18.4,112.6,1015,70.6,12.4,2.2,0.2,0,,2015-12-19T10:30:34,2015-12-19T14:37:01,0.3,Partially cloudy,Partly cloudy throughout the day.,partly-cloudy-day,"71020599999,CYWE"
wekweti,2015-12-20,-21,-24,-22.3,-21,-33.2,-28.3,-24.9,79.2,0,0,0,,0,0,,14.8,143.7,1001.9,94.8,14,2.2,0.2,0,,2015-12-20T10:31:22,2015-12-20T14:37:15,0.33,Overcast,Cloudy skies throughout the day.,cloudy,"71020599999,CYWE"
wekweti,2015-12-21,-19,-21,-20,-21,-28.9,-26.1,-22.5,80.8,0,0,0,,0,0,,13,28.7,998.8,100,13.8,2.3,0.2,0,,2015-12-21T10:32:00,2015-12-21T14:37:37,0.37,Overcast,Cloudy skies throughout the day.,cloudy,"71020599999,CYWE"
wekweti,2015-12-22,-20,-24,-21.7,-20,-31.3,-26.2,-24.5,78.7,0,0,0,,0,0,,13,46.4,1004.5,95.3,13.7,2.8,0.3,0,,2015-12-22T10:32:30,2015-12-22T14:38:09,0.4,Overcast,Cloudy skies throughout the day.,cloudy,"71020599999,CYWE"
wekweti,2015-12-23,-21,-27,-22.9,-27.1,-36.1,-31.3,-25.7,78.2,0,0,0,,0,0,,14.8,70.7,1013,100,13.4,2.8,0.3,0,,2015-12-23T10:32:50,2015-12-23T14:38:49,0.44,Overcast,Cloudy skies throughout the day.,cloudy,"71020599999,CYWE"
wekweti,2015-12-24,-27,-30,-28,-27,-40,-33.9,-31.3,73.1,0,0,0,,0,0,,14.8,100.5,1021.7,83,8.3,1.9,0.2,0,,2015-12-24T10:33:02,2015-12-24T14:39:39,0.48,Partially cloudy,Partly cloudy throughout the day.,partly-cloudy-day,"71020599999,CYWE"
wekweti,2015-12-25,-29,-37,-32.4,-29,-47.1,-38,-36,70.1,0,0,0,,0,0,,13,250.6,1027.7,51.9,10.8,2.3,0.2,0,,2015-12-25T10:33:04,2015-12-25T14:40:37,0.5,Partially cloudy,Partly cloudy throughout the day.,partly-cloudy-day,"71020599999,CYWE"
wekweti,2015-12-26,-36,-44,-40.8,-36,-56.6,-48.4,-45.6,59.6,0,0,0,,0,0,,11.2,47.7,1037,26.7,12.3,3.3,0.3,0,,2015-12-26T10:32:58,2015-12-26T14:41:44,0.54,Partially cloudy,Clearing in the afternoon.,partly-cloudy-day,"71020599999,CYWE"
wekweti,2015-12-27,-32,-43,-35.5,-40,-55.4,-46.7,-39.7,65.5,0,0,0,,0,0,,16.6,60.7,1031.8,16.7,14,2.3,0.2,0,,2015-12-27T10:32:43,2015-12-27T14:43:00,0.57,Clear,Clear conditions throughout the day.,clear-day,"71020599999,CYWE"
wekweti,2015-12-28,-28,-38,-32.2,-28,-45.7,-39.9,-36,69,0,0,0,,0,0,,14.8,145.5,1023.1,11.5,12.2,2.5,0.3,0,,2015-12-28T10:32:19,2015-12-28T14:44:24,0.61,Clear,Clear conditions throughout the day.,clear-day,"71020599999,CYWE"
wekweti,2015-12-29,-18,-28,-24.5,-23,-37.6,-31,-27.2,78.2,0,0,0,,0,0,,18.4,222.9,1009.1,82.8,11.5,1.9,0.1,0,,2015-12-29T10:31:47,2015-12-29T14:45:56,0.64,Partially cloudy,Partly cloudy throughout the day.,partly-cloudy-day,"71020599999,CYWE"
wekweti,2015-12-30,-12,-17,-14,-13,-26.3,-20.8,-15.7,86.9,0,0,0,,0,0,,20.5,260.3,1010.9,85.1,12.6,3.4,0.3,0,,2015-12-30T10:31:07,2015-12-30T14:47:35,0.67,Partially cloudy,Partly cloudy throughout the day.,partly-cloudy-day,"71020599999,CYWE"
wekweti,2015-12-31,-7,-19,-12.9,-10,-27.1,-17.8,-14.2,89.7,0,0,0,,0,0,33.5,25.9,265.9,1006.5,30.4,13.1,2.4,0.3,0,,2015-12-31T10:30:18,2015-12-31T14:49:23,0.7,Partially cloudy,Clearing in the afternoon.,partly-cloudy-day,"71020599999,CYWE"
